email,status
PortoLawOffice@protonmail.com,Extraído
info@nomadcityflats.com,Extraído
milfontes@naturebliss.pt,Extraído
joanaportela@acasadajoana.pt,Extraído
rh@cervejamusa.com,Extraído
joaoramos@l3w.pt,Extraído
rh.itmmalveira@gmail.com,Extraído
Geral@nicecar.pt,Extraído
cruzinvestcfi@gmail.com,Extraído
rh@f7mobile.pt,Extraído
rh.hairbody@gmail.com,Extraído
exclusivedesign.info@gmail.com,Extraído
bruna@numerossublimes.com,
Extraídogeral@grupoeif.pt,Extraído
geral@grupoeif.pt,Extraído
comercial@mymanagement.pt,Extraído
recrutamento2020colab@gmail.com,Extraído
ctb3@bdibusiness.com,Extraído
Geral@classicosdesonho.pt,Extraído
gergana.dimitrova@hrs-bg.com,Extraído
nelsontomas@arcoscombinados.pt,Extraído
jim@lspp.ie,Extraído
barbara@alhomecare.ie,Extraído
empresamissole21@gmail.com,Extraído
drh.ao@monte.pt,Extraído
recrutamento@extrulider.com,Extraído
ana.santos@dsp-sa.com,Extraído
candidaturas@electropanga.com,Extraído
Itdportugal@gmail.com,Extraído
rh@nobislux.com,Extraído
recrutamento@lifewell.pt,Extraído
mr@lusoalema.pt,Extraído
geral@cramos.pt,Extraído
jjtsousa@icloud.com,Extraído
dir.tecnica@work-supply.com,Extraído
armandocubalnd@gmail.com,Extraído
rh@gabba.pt,Extraído
recrutamento@fractus.pt,Extraído
belosampaio@gmail.com,Extraído
recrutamento@lidersat.com,Extraído
recrutamento.energia@teclusa.pt,Extraído
Geral@doutormartelo.pt,Extraído
geral@doutormartelo.pt,Extraído
fsantos@bbgourmet.net,Extraído
recrutamento.deck@gmail.com,Extraído
bentocabeleireiros@mail.telepac.pt,Extraído
mrc@globalbay.pt,Extraído
curriculosdeempresa@gmail.com,Extraído
contact.porto@dreamfly.eu,Extraído
rh.sjt@ttmb.pt,Extraído
terraheal.spa@gmail.com,Extraído
skycliniclisboa@gmail.com,Extraído
colinas.fabrica.picanha@gmail.com,Extraído
geral@greendot.pt,Extraídomadefer@madefer.pt,Extraído
recrutamento@citrobox.pt,Extraído
rh@casadaportela.pt,Extraído
dulce.dias@moinhodesonho.pt,Extraído
adm.alverca@depilconcept.pt,Extraído
adm.alverca@bodyconcept.pt,Extraído
Marcogomes82@hotmail.com,Extraído
goncalo@gapic.pt,Extraído
geral@esseguranca.pt,Extraído
historias@naquelamesa.pt,Extraído
monica@sakare.com,Extraído
albinosantos@zome.pt,Extraído
atitude@unu.pt,Extraído
kd.geral@gmail.com,Extraído
recrutamento@potencialglobal.com,Extraído
45814161dl@gmail.com,Extraído
pedrojp.rebelo@gmail.com,Extraído
recrutamentogeral.comi@gmail.com,Extraído
recrutamento@apsconsultores.pt,Extraído
pedro.bras@castelosantacatarina.com,Extraído
colegio.obrinquinho@sapo.pt,Extraído
tina@seashell.pt,Extraído
rh@tecponte.com,Extraído
nunomaia@neutrocardinal.pt,Extraído
geral@santosefernandes.pt,Extraído
rh@dasprent.pt,Extraído
clara.rodrigues@cartorio-salvaterra.pt,Extraído
b.vargas@dentaldesignsmile.com,Extraído
rh@centralopticas.pt,Extraído
dimitrios.banos@ttec.com,Extraído
rh@jpm.pt,Extraído
careers@workster.jobs,Extraído
sofia.carvalho@numeric-group.com,Extraído
geral@marqs.pt,Extraído
merito.escondido@gmail.com,Extraído
teresa.cavacas@medibroker.pt,Extraído
carlos.lima@greensurface.pt,Extraído
recursoshumanos@fourseasons-vilamoura.com,Extraído
natalia@jrsf.pt,Extraído
rhtorresvedras18@gmail.com,Extraído
aamaral@fourseasons-vilamoura.com,Extraído
recruitment@omega-care.pt,Extraído
rh@magnisoft.pt,Extraído
emprego@link-ware.com,Extraído
recrutamento@sportsplace.pt,Extraído
alexandra@thehomeboatcompany.com,Extraído
recursos.humanos@tffigueiredo.pt,Extraído
geral@ortomedifar.pt,Extraído
propositurgente@gmail.com,Extraído
comercial@biporto.pt,Extraído
rh@leiken.pt,Extraído
rh@egitana.pt,Extraído
varguesladeira@sapo.pt,Extraído
Jangal.landscapes@gmail.com,Extraído
pedro.ribeiro@shortime.pt,Extraído
emanueltpsoares@gmail.com,Extraído
geral@casadadizima.com,Extraído
drhrestaurante30@gmail.com,Extraído
n.mendes@uk-sure.co.uk,Extraído
butchersmontijo@gmail.com,Extraído
recrutamentos.fernaoferro@gmail.com,Extraído
frango.dourado@hotmail.com,Extraído
corporate@gasodata.pt,Extraído
joel.moreira@etcafonsomoreira.com,Extraído
news@kandc.pt,Extraído
info@cunhacisep.pt,Extraído
rh@tpcf.pt,Extraído
davidparreira@live.com.pt,Extraído
emprego@docel.pt,Extraído
geral@centraldemeios.pt,Extraído
recrutamento.drh@hertz.pt,Extraído
davidbarista.2017@gmail.com,Extraído
joaobeiraocarmo@gmail.com,Extraído
geral@vidrofornense.pt,Extraído
aalmeida@ankarsa.com,Extraído
rh@grupocortesia.pt,Extraído
administrador@apdis.net,Extraído
dop.cmtiralgarve@gmail.com,Extraído
administrativo@sabirhoteis.pt,Extraído
ascorreia_2010@sapo.pt,Extraído
rh@gasodata.pt,Extraído
Office_portugal@we53.io,Extraído
Geral@mcnur.com,Extraído
gabinetedeadvocaciabarcelos@gmail.com,Extraído
joel@jrsf.pt,Extraído
ahr1@sapo.pt,Extraído
ref_rh03@a1v2.pt,Extraído
danielloureiro@mmcorreia.pt,Extraído
recrutamento.drh@hertz.pt,Extraído
recrutamento.diretorgeral@gmail.com,Extraído
ricardo@algarveproperty.com,Extraído
geral@hmgc.pt,Extraído
recrutamento@equipleva.pt,Extraído
recrutamento@farmaciadoshopping.com,Extraído
jobs@carbocode.com,Extraído
cavalinho.palaciodogelo@gmail.com,Extraído
ana.cristina.neto@ogy.pt,Extraído
geral@annopei.com,Extraído
rh@palhagua.pt,Extraído
ecogrupo@ecossistemas.com,Extraído
marco.moreira@dacar.pt,Extraído
comercial@rcvoffice.pt,Extraído
dehora_admin@sapo.pt,Extraído
recrutamento@adl-jigtechnology.pt,Extraído
recrutamento@patrimi.com,Extraído
rh@indimante.pt,Extraído
paulo.araujo@indoorpadelcenter.pt,Extraído
info@cdbresorts.com,Extraído
restaurantebutchers@gmail.com,Extraído
maoshuangling@gmail.com,Extraído
emprego@lagos-pt.com,Extraído
geral@osenhordobanco.pt,Extraído
madefer@madefer.pt,Extraído
rh@corporaciondermoestetica.com,Extraído
Expo@evolluxor.com,Extraído
patricioisidoro@gmail.com,Extraído
historias@naquelamesa.pt,Extraído
geral@carvalhocold.pt,Extraído
monica.paulo@palmigrafica.pt,Extraído
recrutamento@allmat.pt,Extraído
info@avanzabs.com,Extraído
recursoshumanos@comportasoul.com,Extraído
geral@fisimagna.com,Extraído
recrutamentopadariaribeiro@gmail.com,Extraído
rui-teixeira@sapo.pt,Extraído
pedroguimaraes@century21.pt,Extraído
lisboacomercial5@binternationalc.com,Extraído
recursoshumanos@seleccao.pt,Extraído
vialonga@era.pt,Extraído
geral@francometal.com,Extraído
bsrh2022@gmail.com,Extraído
evolute@century21.pt,Extraído
rrhh@eastwestcompany.com,Extraído
recrutamento.diretorop@gmail.com,Extraído
info@tascadaluz.pt,Extraído
rhumanos1975@gmail.com,Extraído
douro@htailors.com,Extraído
recrutamento@farmaciasantosdacunha.pt,Extraído
sandra@widgilabs.com,Extraído
recrutamento.direct@remax.pt,Extraído
bravedefendercomunicacoes@hotmail.com,Extraído
recrutamento@reivion.com,Extraído
nistrutransportes.lda@gmail.com,Extraído
contabilidadeteetimes@gmail.com,Extraído
info@sabahouse-advisors.com,Extraído
recrutamento@scimob.pt,Extraído
info.depilmia@gmail.com,Extraído
support@ithlux.com,Extraído
dop.cmtirsantarem@gmail.com,Extraído
info@neuroser.pt,Extraído
recrutamento.finiconde@gmail.com,Extraído
brunofaria@construtorasecular.pt,Extraído
recrutamlisboa2020@gmail.com,Extraído
recrutamento@farmacia-porto.com,Extraído
rh@jviolas.pt,Extraído
rh.farmacia811@gmail.com,Extraído
vasco.soares@century21.pt,Extraído
luiz@techbody.pt,Extraído
contacto@maqeessential.com,Extraído
recrutamento@centralhill.pt,Extraído
ricardoffurtado@gmail.com,Extraído
rh@sanestradas.pt,Extraído
geral@blueip.pt,Extraído
rh@s4s.pt,Extraído
recrutamento@veigas.eu,Extraído
recrutamento.leitaoassociados@gmail.com,Extraído
nuno.viegas@viegasefilhos.pt,Extraído
gestor@msmedicalinstitutes.com,Extraído
estoril@era.pt,Extraído
recrutamentoamorinolisboa@gmail.com,Extraído
rh.departamento2025@gmail.com,Extraído
rh.talento.bom@gmail.com,Extraído
recursoshumanos@galamas.pt,Extraído
whererecruitmentbeats@sephora.pt,Extraído
liberdadehotel8@gmail.com,Extraído
luis.santos@lsantos.pt,Extraído
comercial@connectvolt.pt,Extraído
geral@urbanoffice.pt,Extraído
arturmconst@hotmail.com,Extraído
info@tgvinteriores.com,Extraído
rh@decoverdi.pt,Extraído
hortirecursoshumanos@outlook.com,Extraído
bsilva@combox.pt,Extraído
marco_campos@trane.com,Extraído
recrutamento@baseporto.com,Extraído
candidaturafarmacia020c@gmail.com,Extraído
geral@falcontech.pt,Extraído
recrutamento@projecttobe.com,Extraído
info.depilmia@gmail.com,Extraído
recrutamento@segurancamaxima.pt,Extraído
rh.maia@akiloc.pt,Extraído
recrutamento@farmaciaporto-amial.pt,Extraído
rh.portugal@ccbpo-ilunion.com,Extraído
rh@d4b.pt,Extraído
rh@farmaciacarnaxide.pt,Extraído
info@iw-enterprise.com,Extraído
rui.calado@ambiexpress.pt,Extraído
candidaturas@confiauto.pt,Extraído
geral@apreciarte.pt,Extraído
norberto_sousa@hotmail.com,Extraído
rh.penicheobidos@era.pt,Extraído
ecogrupo@ecossistemas.com,Extraído
donatostadona2021@gmail.com,Extraído
info@podiorecovery.pt,Extraído
ilusoesedragoes@gmail.com,Extraído
joana.cunha@replica.pt,Extraído
farmacia.verdasca@gmail.com,Extraído
recrutamento.pmpaiva@century21.pt,Extraído
nuno.marques@globalcold.pt,Extraído
prometeuartesanatoemprego@gmail.com,Extraído
rh@amp-realestate.pt,Extraído
nobreza_lideranca@hotmail.com,Extraído
nuno.soares@xplusgas.pt,Extraído
lisboa.belem.rh@nosoloitalia.com,Extraído
recrutamento.cp@grupoconcept.com,Extraído
candidaturas@iservices.pt,Extraído
recrutamento@sectorinteractivo.pt,Extraído
recrutamento@pharmabsc.pt,Extraído
recursos.humanos@casagalo.com,Extraído
recrutamento@apeople.pt,Extraído
epcaprt2019@gmail.com,Extraído
bernardo.pedro@revito.pt,Extraído
szone.candidaturas@gmail.com,Extraído
jobs@safti.pt,Extraído
joana.soares@triangulu.pt,Extraído
recrutamento@sigportugal.pt,Extraído
rh.cuidarsenior@cuidarsenior.com,Extraído
binnysweden@gmail.com,Extraído
recrutamento.lagos@radiopopular.pt,Extraído
candidaturas@portugalia.pt,Extraído
recrutamento@ale-hop.net,Extraído
recrutamento.armazem@radiopopular.pt,Extraído
recrutamento.alcantarilha@radiopopular.pt,Extraído
kazevedo@staffglobalgroup.com,Extraído
imartinez@staffglobalgroup.com,Extraído
recrutamento.faro@radiopopular.pt,Extraído
recrutamento.estarreja@radiopopular.pt,Extraído
recrutamento.torresnovas@radiopopular.pt,Extraído
recrutamento.albufeira@radiopopular.pt,Extraído
recrutamento.carvalhos@radiopopular.pt,Extraído
hospitality@ampliatalents.com,Extraído
scosta@staffglobalgroup.com,Extraído
recrutamento.sintra@radiopopular.pt,Extraído
recrutamento.portimao@radiopopular.pt,Extraído
recrutamento.viseu@radiopopular.pt,Extraído
Recruitment@MrRecruit.Me,Extraído
lisboa@job-impulse.pt,Extraído
rh@grupofarmaspot.pt,Extraído
rh@las.pt,Extraído
bdomoelectrica@gmail.com,Extraído
adm@allclinique.com,Extraído
recrutamentofve@gmail.com,Extraído
mpinto555@gmail.com,Extraído
florentinomarques@outlook.pt,Extraído
eleganciaacontece@gmail.com,Extraído
tecvaga23@gmail.com,Extraído
recrutamento@ceramicpro.pt,Extraído
rh.pt@viamapa.com,Extraído
geral@suland.pt,Extraído
recrutamento@increaseblendz.com,Extraído
geral.volumaominuto@gmail.com,Extraído
geral@infortraining.pt,Extraído
mjlopez@ibericarenovables.com,Extraído
rh.brownsclub@gmail.com,Extraído
geral@smartconnect.pt,Extraído
geral@distanciasilvestre.pt,Extraído
watermark_wmadmin@apexgroup.com,Extraído
recrutamento@gvengenharia.pt,Extraído
geral.autolusoalema@gmail.com,Extraído
geral@thekeepers.pt,Extraído
recursoshumanos@hotelmonaco.pt,Extraído
gestao@ibericafrio.com,Extraído
geral@encantodasavenidas.pt,Extraído
geral@vidreiradaamadora.pt,Extraído
rh@cnalges.pt,Extraído
recrutamento.e4u@gmail.com,Extraído
isabelspalk@clinicapulmonar.pt,Extraído
candidaturas@np4game.com,Extraído
obragoito@obragoito.pt,Extraído
eticaterapias@gmail.com,Extraído
geral@manage.pt,Extraído
rhamushair@gmail.com,Extraído
recursoshumanos@mdpreggo.com,Extraído
behappy@whow.pt,Extraído
lourimaquinas@lourimaquinas.com,Extraído
recrutamento@circuitcrafters.pt,Extraído
candidaturas-pt@rentokil-initial.com,Extraído
vitor.cruz@bgw.pt,Extraído
elvissantos@sapo.pt,Extraído
candidaturas940@gmail.com,Extraído
geral@thermosolutions.pt,Extraído
recrutamento@gymnasium.pt,Extraído
info@hotel4estacoes.com,Extraído
azinheira@idososemfamilia.pt,Extraído
rh.vivasetubal@gmail.com,Extraído
pedrosilva504@gmail.com,Extraído
elsajarafael@hotmail.com,Extraído
synlab.terracosdoalmirante@gmail.com,Extraído
recrutamento.rebelisol@gmail.com,Extraído
sara_pires_sp@hotmail.com,Extraído
marketing@joboncompany.com,Extraído
rh@msempresas.pt,Extraído
comunicacao@triformis.pt,Extraído
aipne.coordenacao@gmail.com,Extraído
administrativo@monocapa.pt,Extraído
geral@physio-on.pt,Extraído
geral@advantageffect.pt,Extraído
augusto.teixeira@tt-lda.pt,Extraído
geral@serralhariamcf.com,Extraído
geral@cacao.pt,Extraído
Epro.gestao@gmail.com,Extraído
recursoshumanos@institutosaude-gaia.pt,Extraído
smartin@oteic.com,Extraído
geral@uncaria.pt,Extraído
geral@triple-s.com.pt,Extraído
rh@stepahead.pt,Extraído
pharmaciafilomena@gmail.com,Extraído
paulalopeseco@gmail.com,Extraído
GERAL@TJBM.PT,Extraído
barbeariaalfena@gmail.com,Extraído
carreiras@fajadospadres.com,Extraído
info@restaurantecasadorio.com,Extraído
recrutamento@urbangym.pt,Extraído
farmacia.miguelcalcada@gmail.com,Extraído
rh@gschotels.com,Extraído
iguariasdavila2018@hotmail.com,Extraído
sekara.cafe@gmail.com,Extraído
geral@primedigital.pt,Extraído
megha.sen@indiecampers.com,Extraído
info@quarteirayard.com,Extraído
k.govedarov@windsorgroup.eu,Extraído
jobs@raespo.com,Extraído
joao.lopes@xicos.pt,Extraído
utilconforto@gmail.com,Extraído
rh@electrofer.pt,Extraído
rota@rotaguadiana.org,Extraído
geral@geocam.pt,Extraído
geral.sonholinear@gmail.com,Extraído
admin@cristech.pt,Extraído
gestaoonlyimage@gmail.com,Extraído
candidaturas@academiadoparque.pt,Extraído
vania.martins@sacolinha.pt,Extraído
formacao.sobralense@sapo.pt,Extraído
recrutamento@portugalglobal.pt,Extraído
cms@pereiraecoutinho.pt,Extraído
recepcao@maxident.com.pt,Extraído
candidaturas@ineditos.net,Extraído
geral@ser-unico.com,Extraído
bigodeslisbontours@gmail.com,Extraído
recrutamento@bestinclass.pt,Extraído
geral.dominioblue@gmail.com,Extraído
lili17santos@gmail.com,Extraído
gestao@farmacia-torrinha.pt,Extraído
recursoshumanos@nuvensvivazes.com,Extraído
agromecanica18@hotmail.com,Extraído
geral@maiorlux.pt,Extraído
geral@aviariodoresouro.com,Extraído
geral.glamsteps@hotmail.com,Extraído
tatianacclopes@gmail.com,Extraído
geral@r-solve.com,Extraído
rh@simolpro.com,Extraído
geral@eugenio.pt,Extraído
rh@manofbirds.com,Extraído
recrutamento@pinkplate.pt,Extraído
vicente.exec@gmail.com,Extraído
geral@junkservice.pt,Extraído
carolina.guerreiro@fisicatvedras.pt,Extraído
rh@inovflow.pt,Extraído
ricardo.trodrigues@gmail.com,Extraído
azea13@orange.fr,Extraído
jribeiro@autoeurope.pt,Extraído
rh@mcmdlisbon.com,Extraído
info@wiquelmoving.com,Extraído
tdgi@tdgiace.pt,Extraído
recrutamento@tattoo-clinic.pt,Extraído
geral@veyel.pt,Extraído
carlamota@step.pt,Extraído
fabiana.andrade@bestcenter.pt,Extraído
geral@algarvecarbooking.com,Extraído
5274@solicitador.net,Extraído
candidaturas@ponto2a.com,Extraído
cmonteiro@arestasmundo.pt,Extraído
rumosedutor@gmail.com,Extraído
rh.co@triomphe.com.pt,Extraído
bestcaresad@outlook.com,Extraído
recursoshumanos@prof.pt,Extraído
azeitao@bodyconcept.pt,Extraído
sneakers.gameover@gmail.com,Extraído
comunicacao.imagem@apemeta.pt,Extraído
rh@lyzer.tech,Extraído
rh@luzatec.pt,Extraído
mfs@mafrase.pt,Extraído
geral@nrdiagnostico.pt,Extraído
luanabarros@lebuse.com,Extraído
admin-porto@ats.tech,Extraído
matrizperiferica@gmail.com,Extraído
candidaturas.rh.porto@gmail.com,Extraído
admin@yinyangstudium.pt,Extraído
inoxave@inoxave.pt,Extraído
drh@cuga.pt,Extraído
rhumanos@antarte.pt,Extraído
rh@emibra.com,Extraído
pethotelgondomar@outlook.pt,Extraído
geral.franciscoteixeira@gmail.com,Extraído
rh@dubral.com,Extraído
geral@garestory.com,Extraído
geral@ieol.pt,Extraído
mail@algarserra.com,Extraído
geral@oralsign.pt,Extraído
jmpg.lsf@gmail.com,Extraído
recruitment@selecciondental.com,Extraído
dep.formacao@alfa-formacao.pt,Extraído
geral@directhomesalgarve.com,Extraído
geral@filagueda.com,Extraído
petrolapa@petrolapa.pt,Extraído
restocaseiro00@gmail.com,Extraído
camantes@espichegolf.pt,Extraído
condo@enquinta.com,Extraído
info@marinaalbufeira.com,Extraído
algarvewaterworld@gmail.com,Extraído
r.ramos@altrics.com,Extraído
geralprismamarelo@gmail.com,Extraído
geral@incentiverde.pt,Extraído
recrutamento@watermelontecnologia.com,Extraído
recrutamento@bispastarisotto.pt,Extraído
pedro.pessoa@sodeca.pt,Extraído
hello@letitgrow.pt,Extraído
geral@premetal.pt,Extraído
rh@msaude.pt,Extraído
rec.humanos@scmreguengos.eu,Extraído
fpalmeira.rh@gmail.com,Extraído
rh@olitrem.com,Extraído
recrutamento@teletejo.pt,Extraído
rh@exk.pt,Extraído
geral@sonangil.pt,Extraído
recursoshumanos@adp-fertilizantes.pt,Extraído
olasucesso07@gmail.com,Extraído
geral@topkraft.pt,Extraído
geral@fablift.pt,Extraído
rui.lopes@moldhercus.com,Extraído
geral@lmpm.pt,Extraído
recursos.humanos@sagrec.pt,Extraído
geral@tcc-sroc.pt,Extraído
rh@barreirinhas.pt,Extraído
yummyramenleiria@gmail.com,Extraído
farmaciamatamourisca@gmail.com,Extraído
rh@dolinashotel.com,Extraído
talentoplanetario@sapo.pt,Extraído
j.friaslda@hotmail.com,Extraído
diogopedrosa@crossfitsalvictus.com,Extraído
rhumanos@sgcoin.com,Extraído
abelectrik@sapo.pt,Extraído
rh@marmoristarosa.pt,Extraído
sofareia@gmail.com,Extraído
anibal@normais.pt,Extraído
rh@disterm.pt,Extraído
geral@arquijardim.pt,Extraído
geral@flexfit.pt,Extraído
rosalina@topsellerie.com,Extraído
n.petrovska@doit.software,Extraído
rita.piedade@hilton.com,Extraído
geral@eliasgas.pt,Extraído
geral@base10crossfit.pt,Extraído
leiria@happycode.pt,Extraído
celiavolante@dom-abade.com,Extraído
recrutamento@engiperfil.com,Extraído
marco.matosa@gmail.com,Extraído
recursoshumanos@dentalium.pt,Extraído
jobs@madman-tech.com,Extraído
belgaismjp@gmail.com,Extraído
recrutamento@saferpi.com,Extraído
geral.policlinica@gmail.com,Extraído
andreia@fluidraulica.com,Extraído
geral.condominios@sapo.pt,Extraído
geral.clinicamariavinagre@gmail.com,Extraído
hr@global.pt,Extraído
Ctflex22@gmail.com,Extraído
geral@janelaexotica.com,Extraído
careers@fehstgroup.com,Extraído
cfo.houseready@gmail.com,Extraído
advid@advid.pt,Extraído
rui@egiclinica.pt,Extraído
clinifisio@outlook.pt,Extraído
geral@rm-engenharia.pt,Extraído
candidaturas@trilhosenergeticos.pt,Extraído
itecons@itecons.uc.pt,Extraído
cunhaeantunes@gmail.com,Extraído
filipadiasferreira@healthways.com.pt,Extraído
farmaciagasparcoimbra@gmail.com,Extraído
refrimax.geral@gmail.com,Extraído
curriculo@tojaltec.com,Extraído
tesourovisionario@gmail.com,Extraído
recrutamento@jcgroup.pt,Extraído
minho@interdomicilio.pt,Extraído
semitronica@semitronica.pt,Extraído
candidaturas1@hotmail.com,Extraído
geral@pluriconforto.pt,Extraído
ancestral.geral@gmail.com,Extraído
r.humanos@intraplas.pt,Extraído
recrutamento@helexia.eu,Extraído
recrutamento@mydermacare.pt,Extraído
recrutamento.suiclinic@gmail.com,Extraído
geral@fisioprime.pt,Extraído
geral@revestmais.pt,Extraído
mindset.com.pt@gmail.com,Extraído
geral.alinhadamente@hotmail.com,Extraído
geral@vibehc.pt,Extraído
rh@metaveiro.com,Extraído
rh@grupooldlife.com,Extraído
geral@suminho.pt,Extraído
geral.adsconstrucoes@gmail.com,Extraído
recrutamento@appacdmporto.com,Extraído
recrutamento@pastelariarolo.pt,Extraído
clinicabmqmoita@gmail.com,Extraído
plmaterialelectrico@sapo.pt,Extraído
info@geonorth-topografia.com,Extraído
pizzerialume2019@gmail.com,Extraído
andre.rodrigues@catchawards.pt,Extraído
rh.bodyplacelordelo@gmail.com,Extraído
rh@prestigehealth.pt,Extraído
rh@centi-support.com,Extraído
recursos.humanos@hooke.pt,Extraído
recrutamento.lisboa@mirandalawfirm.com,Extraído
pitadasencantadas@gmail.com,Extraído
recrutamento.empresasgrupo@gmail.com,Extraído
maredeus@maredeus.pt,Extraído
secretaria@bellapersona.pt,Extraído
equilibrium-centroestudos@hotmail.com,Extraído
geral.famagym@gmail.com,Extraído
geral@forprev.pt,Extraído
martinspnrl@gmail.com,Extraído
lisantos@boccard.com,Extraído
anittabrunch@gmail.com,Extraído
margarida@mosscooper.com,Extraído
concierge@blue-sky-villas.com,Extraído
chefsfernandogisellemurteira@gmail.com,Extraído
geral@conhecimento-intensivo.pt,Extraído
rh@prodd.pt,Extraído
residenciaseniorca@gmail.com,Extraído
singulardominante@gmail.com,Extraído
cavi.lisboa@vidaindependente.org,Extraído
jobs@cesarioverde.com,Extraído
seleccion@grupopantoja.com,Extraído
geral@alcancar.pt,Extraído
madrid.rrhh@groupechantelle.com,Extraído
maria.painco@rmpzgroup.com,Extraído
geral@san-events.pt,Extraído
joao.quesado@axiswellness.pt,Extraído
rh@aslassociados.com,Extraído
recrutamento@naturalmenteacademy.pt,Extraído
candidaturas78@outlook.pt,Extraído
recursos.humanos@ordemtrindade.pt,Extraído
geral@arkilux.pt,Extraído
geral@amrm.pt,Extraído
geral@eudesa.com,Extraído
jtsilva.geral@gmail.com,Extraído
recrutamento.portugal@fresenius-kabi.com,Extraído
restaurante@solardevilamea.pt,Extraído
dep.financeiro@opcoescruzadas.pt,Extraído
rh@bbbatiment.fr,Extraído
cafcorreiamateus@gmail.com,Extraído
geral@epbsa.com,Extraído
recrutamento@pierlorenzo.com,Extraído
recrutamento@greengray.pt,Extraído
recrutamento.sbi@spiebatignolles.pt,Extraído
recrutamento.renasceia@gmail.com,Extraído
recrutamento_fr@sapo.pt,Extraído
josecouto@fcouto.pt,Extraído
elsacruz@cozinhasabel.com,Extraído
workwithus@seven-o-five.com,Extraído
info@aff-windservices.com,Extraído
recrutamentonatasportugal@gmail.com,Extraído
samuel.pestana@playsports.pt,Extraído
kinetic.fisio@gmail.com,Extraído
emsilva.martins@gmail.com,Extraído
recursoshumanosmadeira@gruposolpuro.com,Extraído
paulorodolfo25@gmail.com,Extraído
direcao@integrat.pt,Extraído
geral@newtonacademy.pt,Extraído
cemetra@cemetra.pt,Extraído
info@cvz-construcoes.pt,Extraído
rh@claraegema.pt,Extraído
joana@solardaeducacao.pt,Extraído
hr@goodmood.org,Extraído
geral@cspavidos.net,Extraído
d.veiga@aida.pt,Extraído
geral@translucibel.com,Extraído
recursoshumanos.belver@gmail.com,Extraído
pessoal@sofmovel.pt,Extraído
Hugo.antunes1987@gmail.com,Extraído
contabilidade@nunoroque.pt,Extraído
leiria@omeudoutor.pt,Extraído
info@tfpbox.pt,Extraído
rh.coberaco@gmail.com,Extraído
abilioromaocmn@gmail.com,Extraído
info@poclena.pt,Extraído
claudia.le@csolhomarinho.pt,Extraído
reservas@riodoprado.pt,Extraído
smileart.geral@hotmail.com,Extraído
alexandra.rosado@campotec.pt,Extraído
anadomingos.evoc@gmail.com,Extraído
marlene@planetainformatico.pt,Extraído
geral@kingswood.pt,Extraído
centrodeestudotavira@gmail.com,Extraído
candidaturas@flordaria.pt,Extraído
geral@xlconta.com,Extraído
placura24@gmail.com,Extraído
rh@treemond.com,Extraído
emis.portugal@emisportugal.com,Extraído
comercial@fastavac.pt,Extraído
geral@focomusical.pt,Extraído
geral@certacademy.pt,Extraído
geral@cca-adv.com,Extraído
dentodine.adm@hotmail.com,Extraído
portugal@gbnexus.com,Extraído
geral@gt3.pt,Extraído
info@ilg.pt,Extraído
farmaciabastos.em@gmail.com,Extraído
geral@novelodmimos.pt,Extraído
aaformacaoeservicos@gmail.com,Extraído
rh@jpsp.pt,Extraído
candidaturas.traininghouse@gmail.com,Extraído
geral@kidsandfriends.pt,Extraído
geral.clievolui@gmail.com,Extraído
geral@161.com.pt,Extraído
lucas.mendes@sharkcoders.pt,Extraído
lets.go@sapo.pt,Extraído
hr@nextregra.com,Extraído
chjrh.anuncio@gmail.com,Extraído
recrutamento.rh@czps.org,Extraído
rh@kn-engenharia.pt,Extraído
info@sanapsy.com,Extraído
rh@fonseca-silva.pt,Extraído
samuelguerra@koolfitness.pt,Extraído
gabineteapoiodirecao@aaccb.pt,Extraído
recursos.humanos@solancis.com,Extraído
geral@origens-lar.pt,Extraído
candidaturas@crescer.org,Extraído
rh.preventrab@gmail.com,Extraído
geral@accountingadvantage.pt,Extraído
geral.academia.gemeos@gmail.com,Extraído
recrutamento@eoc.pt,Extraído
info@statusedge.pt,Extraído
daniela.dinis@kanpai.pt,Extraído
geral.mru@gmail.com,Extraído
ceissa.geral@gmail.com,Extraído
formacao@lenhotec.pt,Extraído
Miguelfernandestrt@gmail.com,Extraído
crazeshoes.rh@sapo.pt,Extraído
geral@defontes.pt,Extraído
opticapacosdeferreira@gmail.com,Extraído
joelcascos@gmail.com,Extraído
carlospires.munivel@sapo.pt,Extraído
geral@farmaciapintodecampos.pt,Extraído
clinicassollaris@gmail.com,Extraído
dcostaestoril.parfisi@cruzvermelha.org.pt,Extraído
sara.silva@fisiotorres.pt,Extraído
artphysioo@gmail.com,Extraído
administrativo@sta.pt,Extraído
geral@svclinic.pt,Extraído
circulos.virgulas@gmail.com,Extraído
adm.abrantes@bodyconcept.pt,Extraído
rh@abrancongelados.pt,Extraído
comboiodosaber@gmail.com,Extraído
geral@painometal.pt,Extraído
recrutamento@constructionconcept.eu,Extraído
Pedro.lopes@marisrecruitment.eu,Extraído
vianadocastelo@onodera.com.pt,Extraído
recursos.humanos@bcs.com.pt,Extraído
Venafil@venafi.com,Extraído
rh@centromedicodapraca.pt,Extraído
qualidade@mccruz.com,Extraído
jobs@cfx.bio,Extraído
catarina.f.oliveira94@hotmail.com,Extraído
rh@segundafamilia.pt,Extraído
geral@mileuros.pt,Extraído
geral@citytuk.pt,Extraído
escola.semaforo.damaia@gmail.com,Extraído
recursos.humanos@clinia.pt,Extraído
recrutamento@besmartwithus.pt,Extraído
cearaujo@sapo.pt,Extraído
isabel.faria@science4you.pt,Extraído
Ruimatosferreira@msn.com,Extraído
portdental@portdental.pt,Extraído
grh@inatel.pt,Extraído
candidaturasolar@gmail.com,Extraído
candidatos_cv@sapo.pt,Extraído
no.ponto.madruga.rest@gmail.com,Extraído
geral@silvianetto.pt,Extraído
clisaude.lda@gmail.com,Extraído
miguel.soares@casapmc.com,Extraído
info@clinicapacifico.com,Extraído
rh@vcdevesas.com,Extraído
a.lima@antignis.pt,Extraído
otk.arquitectos@gmail.com,Extraído
recrutamento.sdm.braga@gmail.com,Extraído
joao.xbuilding@gmail.com,Extraído
recrutamento@goingup.pt,Extraído
restaurantepeixeepao@gmail.com,Extraído
geral@electrovirtuoso.com,Extraído
rh@csvh.pt,Extraído
humanresources.lawyers@gmail.com,Extraído
paulabritocontabilidade@gmail.com,Extraído
geral@core-architects.com,Extraído
amoure.hr@maisonalbar.com,Extraído
anabeautyzen@gmail.com,Extraído
geral@vaccarum.com,Extraído
carlaornelas@ldc.pt,Extraído
moldecar@moldecar.com,Extraído
info@quintadopedregal.pt,Extraído
rh@kpm.pt,Extraído
recursoshumanos@carpintariasaobraz.pt,Extraído
jasmimtransportes@gmail.com,Extraído
medicina.braga@ambiglobal.com,Extraído
rh.nctransfers@gmail.com,Extraído
careers@redbridgeschool.com,Extraído
bpaguassantas@macalfa.pt,Extraído
careers@natelier.pt,Extraído
talentos@moldforce.pt,Extraído
monica.stefibel@sapo.pt,Extraído
clinicaldent.institute@gmail.com,Extraído
recrutamento_pezinhosnareia@sapo.pt,Extraído
vitoriaaltino@outlook.com,Extraído
maria.mestre@belvederepharmagroup.com,Extraído
fernando-nobre@sapo.pt,Extraído
pedro.guedes1970@hotmail.com,Extraído
vieira.rica@gmail.com,Extraído
prologomisterioso@gmail.com,Extraído
comercial@grupoclip.pt,Extraído
geral@paodealcobaca.pt,Extraído
curriculumlar2018@gmail.com,Extraído
marketingofficespace2@gmail.com,Extraído
vanessa@jesql.com,Extraído
Geral.ritmoservice@gmail.com,Extraído
hr@fenabel.pt,Extraído
rh@sagiper.com,Extraído
cascais.ls@urbanobras.pt,Extraído
geral@aoataco.pt,Extraído
candidaturasmb@outlook.com,Extraído
rmn161@sapo.pt,Extraído
andreia.curado@pt.mcd.com,Extraído
marilia.ferreira@pastelarianortejo.pt,Extraído
adm.belouracentrohipico@gmail.com,Extraído
coelhoebicho@gmail.com,Extraído
financeiro@pisabell.pt,Extraído
marfer@marfer.pt,Extraído
semente.recomecar@gmail.com,Extraído
sonianeres@visionvitro.com,Extraído
rh@prozinco.com,Extraído
recrutamento@asilvamatos.pt,Extraído
azoresoutdooractivities@outlook.com,Extraído
direcao@1877estrelapalace.pt,Extraído
recrutamento@desfo.com,Extraído
recrutamento@vmf.pt,Extraído
direcao.tecnica@acbsm.pt,Extraído
ep.gondomar@escolas.min-edu.pt,Extraído
centroestudosceap@gmail.com,Extraído
somarecrescer@gmail.com,Extraído
geral@pastelariapolonorte.com,Extraído
rogerio.palheira.tub@ferpinta.pt,Extraído
recrutamento@meristema.pt,Extraído
lanavalhabarberclub@gmail.com,Extraído
recrutamento@matriztriangular.pt,Extraído
elsasantos@vilacasteloparque.com,Extraído
farmacias.email@gmail.com,Extraído
info@notacho.pt,Extraído
rita@casa-mae.com,Extraído
rh@interescava.com,Extraído
recrutamento@medicare.pt,Extraído
info@saltylodge.com,Extraído
acaldeira@campigir.com,Extraído
algarve.recrutamento2023@gmail.com,Extraído
irene.johna@victors.de,Extraído
restaurante@breathe.pt,Extraído
geral@romeujulietaestetica.com,Extraído
cjcar.geral@gmail.com,Extraído
recrutamento@grupo4all.pt,Extraído
reservas@hoteltalisman.com,Extraído
candidatura@cipan.pt,Extraído
qribama@gmail.com,Extraído
hr@togsuniformes.com,Extraído
ribasesimoes@gmail.com,Extraído
rh@peixotoepeixoto.pt,Extraído
premiumfitnessqueijas@gmail.com,Extraído
daniela.fs.correia@reallife.pt,Extraído
w.olivos@zaidan.es,Extraído
euquerofesta@partimpim.pt,Extraído
recrutamento@artisanigelado.com,Extraído
jovialdente@gmail.com,Extraído
recrutamento@finpartner.pt,Extraído
clinicamedicadeesmoriz@gmail.com,Extraído
joaopamachado@sapo.pt,Extraído
geral@nsvenergia.pt,Extraído
rhumanos@abrigada.com,Extraído
pet.belo.pt@gmail.com,Extraído
sad.cep@aidm.pt,Extraído
recrutamento@vieiralopes.pt,Extraído
murban@murban.pt,Extraído
hr.macpipe@gmail.com,Extraído
maria.perez1@adecco.com,Extraído
humbertoconde.arq@humbertoconde.com,Extraído
support@elevateaccounting.pt,Extraído
alexandra.schmitt@conceptcare.pt,Extraído
recrutamento.2025@sapo.pt,Extraído
design.e.dinamicas@gmail.com,Extraído
recrutamento87braga@gmail.com,Extraído
corporate@id-clinics.com,Extraído
luciana.silva@cerdisa.pt,Extraído
educadorasocial@aconchego.pt,Extraído
recrutamento@turisforma.pt,Extraído
geral@plenosorriso.pt,Extraído
recursoshumanos@hippotrip.com,Extraído
rh@pinecliffs.com,Extraído
luis.filipe.firmo.santos@hotmail.com,Extraído
recrutamento@egisportugal.pt,Extraído
sandra.carvalho@specificrent.com,Extraído
geral@dkmconstrucoes.pt,Extraído
info.chiado.psa@gmail.com,Extraído
compras@carpifoz.pt,Extraído
secretariaapf@gmail.com,Extraído
adminmeid@sapo.pt,Extraído
recepcao.goodparts@gmail.com,Extraído
geral@crva.pt,Extraído
recrutamento@flexpeople.pt,Extraído
geral@elosocial.org,Extraído
fccurriculumvitae@gmail.com,Extraído
info@petercafesport.com,Extraído
servicosadministrativos@joaocostaecosta.pt,Extraído
recrutamento@lancastercollege.pt,Extraído
curriculos@consulset.pt,Extraído
Recrutamento@translifty.com,Extraído
onepowerimoveis@gmail.com,Extraído
info@3dfunart.com,Extraído
candidaturas@conduril.pt,Extraído
royalflushbeautysalon@gmail.com,Extraído
matecnic@matecnic.pt,Extraído
conchacetinada.lda@gmail.com,Extraído
direcao.crm@irmashospitaleiras.pt,Extraído
candidaturas@colegiovascodagama.pt,Extraído
comercial@tradevelvet.com,Extraído
recursoshumanos@marmoresrosal.com,Extraído
geral@viuvamonteiro.pt,Extraído
fidigru@gmail.com,Extraído
mktg@termasdacuria.com,Extraído
geral@ueld.pt,Extraído
rrhh.pt@grupocarreras.com,Extraído
dclinic1@gmail.com,Extraído
recrutamento@sojadeportugal.pt,Extraído
recrutamento@mundiconsulting.net,Extraído
anaguerreiro.gps@gmail.com,Extraído
rh@rwa.pt,Extraído
geral@bluffhonestfood.pt,Extraído
geral.clubeiv@gmail.com,Extraído
geral@windinwhite.com,Extraído
jfernandes@frp.org.pt,Extraído
rh@inoveoffice.pt,Extraído
thl@live.com.pt,Extraído
marisabrito@kyos.pt,Extraído
cristina@guttal.pt,Extraído
recrutamento.online@generis.pt,Extraído
rh@apachecofurniture.pt,Extraído
geral@asmetais.pt,Extraído
management@newin.pt,Extraído
geral@novocasiao.pt,Extraído
info@3rclinica.pt,Extraído
empregos@tcbejense.pt,Extraído
geral@koolavac.pt,Extraído
recrutamento@cenicaporto.com,Extraído
recrutamento@energycon.solar,Extraído
crvalelobos@gmail.com,Extraído
recrutamento@grupocaesdepedra.pt,Extraído
geral.recursoshum@gmail.com,Extraído
eco.oil.recrutamento@gmail.com,Extraído
napafitnessclub@gmail.com,Extraído
margemdabicharada@gmail.com,Extraído
recrutamento@mestreraposa.com,Extraído
rrhhmetasolk@metasolk.pt,Extraído
recursos.humanos@socorpena.com,Extraído
geral.cubomagico.online@gmail.com,Extraído
geralcyrculoestudos@gmail.com,Extraído
info@beglow.pt,Extraído
lourenco.carinhosescritos@gmail.com,Extraído
direccao@hotelanjodeportugal.pt,Extraído
carla.estevao@alfacoop.pt,Extraído
ocroissantmarafade@gmail.com,Extraído
recrutamento.ener@gmail.com,Extraído
lopes.mauricio@gmail.com,Extraído
mrjeffcarnaxide@gmail.com,Extraído
geral@youdare.pt,Extraído
ssandra.g.silva@gmail.com,Extraído
Jobs_PT@proton.me,Extraído
recrutamento@verlingue.pt,Extraído
janelar.candidaturas@gmail.com,Extraído
joananeves.ccm@gmail.com,Extraído
joana.reis@peca21.pt,Extraído
tiago.ferreira@patamardotalento.pt,Extraído
jobs@gharbporto.com,Extraído
rhumanos@centrosocialega.pt,Extraído
priac.rh@gmail.com,Extraído
info@besthousesportugal.com,Extraído
geral@pluriapoio.pt,Extraído
geral@investidoresdeportugal.pt,Extraído
camposanabela776@gmail.com,Extraído
rh@tabernario.pt,Extraído
apoiodomiciliario@misericordiadeloures.pt,Extraído
recrutamento@groupfhc.pt,Extraído
shst@factor-segur.pt,Extraído
DSL.eletricidadepichelaria@gmail.com,Extraído
recursos.humanos@chavesareeiro.pt,Extraído
maria@mrc-recruitments.com,Extraído
jmestiveira@gmail.com,Extraído
recursoshumanos@quintanimal.pt,Extraído
recrutamento@jaftam.com,Extraído
candidaturas.farmacias@gmail.com,Extraído
geral@gscargo.pt,Extraído
info@caruso.pt,Extraído
recrutamento@ertgrupo.com,Extraído
recrutamentoleiria2025@gmail.com,Extraído
dbpeculiar@gmail.com,Extraído
recrutamentocontabilidade17@gmail.com,Extraído
luis.oliveira@meiabota.pt,Extraído
marta.mugen@gmail.com,Extraído
bookings.fatima@flaghotels.com,Extraído
contact@pensaoagricola.com,Extraído
carinacostagestaomarketing@gmail.com,Extraído
dora.ferreira@conventodebelmonte.pt,Extraído
geral@sacm.pt,Extraído
paula.morgado@accor.com,Extraído
geral@febol.pt,Extraído
santoscabeloebarba@gmail.com,Extraído
geral@nortempera.pt,Extraído
crep1geral@yahoo.com,Extraído
recrutamento@natalisboa.com,Extraído
cretapasponderadas@gmail.com,Extraído
oliver@recambiosdiez.com,Extraído
recrutamento.eletricidade@gmail.com,Extraído
geral@marialmarestaurante.pt,Extraído
recursoshumanos@pestox.pt,Extraído
geral.depilcompany@gmail.com,Extraído
arbelorestaurante@gmail.com,Extraído
csimoes@sif.pt,Extraído
glv.recrutamento@gmail.com,Extraído
vera.mendes@jfmendes.pt,Extraído
rui.goncalves@consultactiva.com,Extraído
info@ebsss.com,Extraído
rh@ticproject.pt,Extraído
jobtorresvedras@gmail.com,Extraído
rh@melocamposadvogados.pt,Extraído
silvia@planomais.pt,Extraído
sermor70@gmail.com,Extraído
ortopediapiedense@gmail.com,Extraído
faray1904@icloud.com,Extraído
abesfazinhal@gmail.com,Extraído
antonio.cartaxo@golden-sigma.com,Extraído
recursos.humanos@etpsico.pt,Extraído
Cris_ribeiro2@hotmail.com,Extraído
reservas@passeios-ria-formosa.com,Extraído
geral@trans-r.com,Extraído
recrutamento@telgo-cables.com,Extraído
geral@aovossolado.com,Extraído
recrutamento.rh.ln@gmail.com,Extraído
abeto.real@gmail.com,Extraído
fisiosilva26@gmail.com,Extraído
ori.recursoshumanos@gmail.com,Extraído
recursos.humanos@vivisol.pt,Extraído
geral@milhasesequencias.com,Extraído
portugal@falck.com,Extraído
renata.nutricao@bloomingskin.pt,Extraído
istyleinvest@gmail.com,Extraído
paulo@astecaldas.pt,Extraído
recrutamento@newtour.pt,Extraído
colegioairesreal@hotmail.com,Extraído
emprego@forgesp.pt,Extraído
jmgod_7@hotmail.com,Extraído
sara.macorano@crowe.pt,Extraído
farmacia.ferreiradepinho@gmail.com,Extraído
rh@mychoice.pt,Extraído
sandiele.brito@dcaservices.pt,Extraído
geral@beniteca.pt,Extraído
luismoutinho@rcvoffice.pt,Extraído
construtoralisbon@gmail.com,Extraído
ene.snack.bar@gmail.com,Extraído
geral@cristinacouto.archi,Extraído
lourencopjjml@gmail.com,Extraído
rh@grupobm.pt,Extraído
reservas@quintaraposeiros.com,Extraído
recare.ct@gmail.com,Extraído
d.salvado@afrade.com,Extraído
restaurantequintadaaamiosa@gmail.com,Extraído
geral.siriusgas@gmail.com,Extraído
asoares@silverstream.ie,Extraído
candidaturasempregos2021@gmail.com,Extraído
jmexia.farmacia.holon.costadacaparica@grupo-holon.pt,Extraído
geral@prosa.pt,Extraído
contabilidade.gprogresso@gmail.com,Extraído
rrfotosport.rh@gmail.com,Extraído
geral@ecodrive.pt,Extraído
farmacia.olhosdagua@gmail.com,Extraído
dt.solpoente@vitalia.pt,Extraído
geral@fabescor.pt,Extraído
info@chiflui.pt,Extraído
clinicacrob@sapo.pt,Extraído
geral@construcoesobjectivo.com,Extraído
info-geral@sosmedical.pt,Extraído
Daniel.etapa@gmail.com,Extraído
recrutamento@menudourado.pt,Extraído
pform.academy@gmail.com,Extraído
curriculos@ribasabores.com,Extraído
info@sorrisostraquinas.pt,Extraído
geral@clinicaorigem.pt,Extraído
vianacpc@hotmail.com,Extraído
farmaciasilvafernandes@gmail.com,Extraído
rh@healthinloc.pt,Extraído
geral.visionhair@gmail.com,Extraído
rh@new-space.pt,Extraído
careers@teppe.com,Extraído
rh@proglobal.pt,Extraído
digigas@gmail.com,Extraído
recrutamento@mgen.pt,Extraído
analuis@ctic.pt,Extraído
jobs.technology@milestone.pt,Extraído
nelsonp29@hotmail.com,Extraído
recrutamento@multicompetencias.pt,Extraído
recrutamento.interalfena@gmail.com,Extraído
interagir.emprego@gmail.com,Extraído
geral@bringiton.pt,Extraído
centro.idosos@fccerejeira.org,Extraído
rh@muchaxo.com,Extraído
rh@ontravel.pt,Extraído
mj.web@sapo.pt,Extraído
geral.3e.2010@gmail.com,Extraído
recrutamento.rhbv@gmail.com,Extraído
recrutamento@gracafigueiredo.pt,Extraído
geral@lardealte.pt,Extraído
recrutamentoofmd@gmail.com,Extraído
luciliacerqueira@daycare.pt,Extraído
asiancuisine.gozen@gmail.com,Extraído
pf.pereira@schmitt-elevadores.com,Extraído
nelsonferreira.arq@hotmail.com,Extraído
carlos.amaral@cecd.pt,Extraído
ana.freches@hitachids.com,Extraído
sospatriciamartins@gmail.com,Extraído
posvenda@amgoncalves.pt,Extraído
recrutamento.hotel.geres@gmail.com,Extraído
info.vagos@la-mamaroma.pt,Extraído
candidaturas@axisofir.com,Extraído
rh.triumph.priority@gmail.com,Extraído
advice.portugal@dixcart.com,Extraído
andre.fv.diniz@gmail.com,Extraído
recruitment@feel-group.com,Extraído
luciana.joaquim@m3t.pt,Extraído
info@etriitytuktuk.com,Extraído
manager.tiago@thamel.pt,Extraído
idaaobosque@gmail.com,Extraído
obolinha@hotmail.com,Extraído
geral@espanholseguros.pt,Extraído
PESSOAS@ALTRI.PT,Extraído
geral@naviform.pt,Extraído
dayane@stanmoreservices.com,Extraído
marketing@globalpaint.pt,Extraído
geral@serfice.pt,Extraído
info@blendsalon.pt,Extraído
admin@oxyclinic.pt,Extraído
catarina.azevedo@grupoint.pt,Extraído
geral.jrpsi@gmail.com,Extraído
portugal@theworldbilliards.com,Extraído
candidatura.farmacia@hotmail.com,Extraído
candidaturas@fabri.pt,Extraído
nunocortes@netcabo.pt,Extraído
comercial@fulcro.pt,Extraído
rh@imperioglobal.eu,Extraído
sceletroaguas@gmail.com,Extraído
algesthouses@gmail.com,Extraído
gestao@fisiohealth.pt,Extraído
seleccion.pt@pacomartinez.com,Extraído
Beautyestetic3@gmail.com,Extraído
massivecourtesy@gmail.com,Extraído
ww@wittywinter.org,Extraído
raquelrocha@getthejob.pt,Extraído
cv@magnetic-construction.pt,Extraído
lucrofusaounipessoalrh@gmail.com,Extraído
gerencia@ocaolaranja.com,Extraído
recursos.humanos@sacel.pt,Extraído
recrutamento@jular.pt,Extraído
spa.melia.braga@meliaportugal.com,Extraído
rh@veneporte.pt,Extraído
geral@omegaflow.pt,Extraído
jcbarbosa5@hotmail.com,Extraído
RHcsjlc@gmail.com,Extraído
ecspina@dilectusmadeira.pt,Extraído
braga@personal20.com,Extraído
recursos.humanos@avipronto.pt,Extraído
geral@aesperamelides.com,Extraído
recrutamento@globalkiln.com,Extraído
geral@conforsan.pt,Extraído
Marnogconstruct@hotmail.com,Extraído
nunotrindade@gmail.com,Extraído
contabilidade@lxaccounts.pt,Extraído
recrutamento@zume-sa.pt,Extraído
geral@112computador.pt,Extraído
filipemiranda67@hotmail.com,Extraído
candidaturas@healthteam.pt,Extraído
clga.pt@gmail.com,Extraído
jorgemartins@lascasasrealestate.pt,Extraído
cvcandidaturatrabalho@gmail.com,Extraído
raquelaraujo@petibol.pt,Extraído
geral@rodmarle.com,Extraído
beatriz@multiportugal.com,Extraído
pracadeespanha@era.pt,Extraído
lisbonisontour@gmail.com,Extraído
ricardo.mespada@gmail.com,Extraído
geral@clinicaprivadaporto.pt,Extraído
julianaalvaressilva@gmail.com,Extraído
paula.pereira@winhouses.pt,Extraído
geral@revestlar.pt,Extraído
candidaturas@borgstena.com,Extraído
geral@tjbm.pt,Extraído
recrutamento@bringeat.pt,Extraído
janotazulgeral@gardencarvoeiro.pt,Extraído
antoniomartins@silvestrefestas.com,Extraído
geral@domusmatrix.com,Extraído
algarveflashbackholidays@gmail.com,Extraído
recursos.humanos@frutorbel.com,Extraído
human.resources@arolla.pt,Extraído
jorgesilva@silvaecarvalhas.pt,Extraído
grh@casapovomessines.pt,Extraído
anagoncalvesbispo@jogongest.com,Extraído
carismaeficacia2@gmail.com,Extraído
LMAMBULANCIAS@LOURESMACAS.PT,Extraído
fabiananuno.info@gmail.com,Extraído
ser___crianca@outlook.com,Extraído
ana@fatima-hotels.com,Extraído
pedrosantos@sinesseaview.com,Extraído
quiloseloquentes@gmail.com,Extraído
geral@r9m2.com,Extraído
geral@sidefarma.pt,Extraído
funtouristgeral@gmail.com,Extraído
gulya.ismagilova@congelagos.com,Extraído
manager@brazzcare.com,Extraído
brunobaldoo@outlook.com,Extraído
natanael.soares.955@lvlrh.pt,Extraído
mmncofra@gmail.com,Extraído
qtatexugo@aquafitness.pt,Extraído
deboradionisio@century21.pt,Extraído
serralharia-paixim@sapo.pt,Extraído
recursos.humanos@eurosol.pt,Extraído
casapassarinho1983@gmail.com,Extraído
candidaturas@setronix.pt,Extraído
recrutamento@saldopositivo.pt,Extraído
recursoshumanos.estoril@ihg.com,Extraído
transjuizaac@hotmail.com,Extraído
recrutamentosesept@gruposese.com,Extraído
valongo@casadaportela.pt,Extraído
ricardomateus@easystop.pt,Extraído
geral@diviespaco.com,Extraído
basilaris@basilaris.com,Extraído
oakberrylagos@gmail.com,Extraído
recrutamento@securesolutions.pt,Extraído
kiabiportimao@hotmail.com,Extraído
geral@llclogistica.pt,Extraído
colmeia-das-abelhinhas@hotmail.com,Extraído
gerencia@catalaointernacional.pt,Extraído
nmassociados.rh@gmail.com,Extraído
recrutamento2023tacy@gmail.com,Extraído
geral.mrcabeleireiros@gmail.com,Extraído
rh@barataemarcelino.pt,Extraído
recursoshumanos.stm1@gmail.com,Extraído
candidatura.funkychunky@gmail.com,Extraído
hcamedicinadentariaintegrativa@gmail.com,Extraído
miguel@rsgarage.com.pt,Extraído
info@metalosolda.pt,Extraído
sentidodomar@hotmail.com,Extraído
Freshdetails.lda@gmail.com,Extraído
rh@holyfashiongroup.com,Extraído
empleao@gmail.com,Extraído
info@argentea.eu,Extraído
geral@bcservicos.pt,Extraído
marketing@drenaclinic.pt,Extraído
juristacartorio2025@gmail.com,Extraído
yellowcabtttours@gmail.com,Extraído
passos-perdidos@sapo.pt,Extraído
foco.positivo@hotmail.com,Extraído
susanamarques@arygest.pt,Extraído
baia@unu.pt,Extraído
Rh@globalvista.info,Extraído
hr@selina.pt,Extraído
gerencia@gosmile.pt,Extraído
geral@faprol.pt,Extraído
recruitment.pt@muthuhotelsmgm.com,Extraído
sandra.fernandes@neurocog.pt,Extraído
pixelpalsofertas@gmail.com,Extraído
ana.soeiro@percursosformacao.com,Extraído
espiritosantopatricia@gmail.com,Extraído
abreuejorge@gmail.com,Extraído
simonteiro.rh@gmail.com,Extraído
mariameliarsilva@hotmail.com,Extraído
recrutamento@conservatoriomusica.pt,Extraído
geral@mercadinhoonline.pt,Extraído
loja.matosinhos@era.pt,Extraído
candidaturas@capelaefilhos.com,Extraído
recursoshumanos@procalcado.com,Extraído
PepisRecrutamento@hotmail.com,Extraído
recrutamento@kalorias.com,Extraído
ana.maria.ribeiro@arderio.pt,Extraído
recrutamento@uimake.pt,Extraído
arvebraga.erpi@gmail.com,Extraído
parque.aguda@zone.com.pt,Extraído
geral@maintime.pt,Extraído
farmaciapablo@gmail.com,Extraído
vera.ramos@medialcare.pt,Extraído
actividadesjya@hotmail.com,Extraído
rh@refal.pt,Extraído
rh@eqx.pt,Extraído
geralpeixariaveloso@gmail.com,Extraído
marianela.ramirez@sparkyheads.com,Extraído
silvapintura.coimbra@gmail.com,Extraído
recrutamento@flowfitness.pt,Extraído
recursoshumanos@grupocm.com.pt,Extraído
geral@formafuturoportugal.pt,Extraído
geral@droles.pt,Extraído
geral@previne.pt,Extraído
jonesribeiro197@gmail.com,Extraído
rh@marinadeportimao.com.pt,Extraído
info@oceanscan-mst.com,Extraído
candidaturas@bacalhoeiro.com.pt,Extraído
geral@granidias.pt,Extraído
atelierdesaberes@gmail.com,Extraído
oficina@prioritypodium.pt,Extraído
info@weteach.pt,Extraído
direccaotecnica@fundacaolarsaofrancisco.pt,Extraído
escritoriobocadoce@gmail.com,Extraído
encantodomarlda@gmail.com,Extraído
geral@setwin.pt,Extraído
pt.hr@cevalogistics.com,Extraído
rh@toptour.pt,Extraído
recrutamento@prn.pt,Extraído
palsul.loja@gmail.com,Extraído
hfitrecrutamento@gmail.com,Extraído
geral@neolage.pt,Extraído
centroestudospimentinha@gmail.com,Extraído
geral@bastoslegal.pt,Extraído
recruitment@mekkin.pt,Extraído
ricardopebrefonseca@gmail.com,Extraído
geral@arman.pt,Extraído
rh@portusinvest.pt,Extraído
geral@matiasdacosta.pt,Extraído
chicochicotours@gmail.com,Extraído
geral@move4health.pt,Extraído
contacto@lxrocks.pt,Extraído
rh@hotelmadeira.com,Extraído
candidatos@dentoancora.pt,Extraído
geral@kmovel.com,Extraído
recursoshumanos@ordemsaofrancisco.pt,Extraído
CIH@outlook.pt,Extraído
social@asasventosa.pt,Extraído
candidaturaemprego@alampreia.com,Extraído
noemianrdiagnostico@gmail.com,Extraído
aprender@nmgigante.pt,Extraído
admin@prosandart.com,Extraído
rh@madeirasafonso.pt,Extraído
infinity__academy@hotmail.com,Extraído
ovisegur.rh@gmail.com,Extraído
formadores@comunilog.com,Extraído
rh@visurb.pt,Extraído
geralmatercaldas@gmail.com,Extraído
c.ramos.fisioterapia@gmail.com,Extraído
recrutamento@aqualab.pt,Extraído
info@prorh.pt,Extraído
emprego@ctga.pt,Extraído
rh@cepra.pt,Extraído
rhumanos@sram.com,Extraído
nortinsevora@gmail.com,Extraído
clinicavicente@hotmail.com,Extraído
comercial@usinage.pt,Extraído
recrutamento@ovalordotempo.pt,Extraído
recrutamento@stemp.pt,Extraído
geral@greymark.pt,Extraído
Office@aontime.pt,Extraído
recrutamento@mjvendeiro.pt,Extraído
recrutamento@clara-cunha.pt,Extraído
jose.carvalho@dezdejulho.pt,Extraído
celebratenowpt@gmail.com,Extraído
rh@cameliabrunchgarden.pt,Extraído
ritualpictorio@gmail.com,Extraído
comprasereias@gmail.com,Extraído
geral@virgulasdcharme.pt,Extraído
ideiarh@onossosonho.pt,Extraído
zelia.gouveia@irmaoschaves.com,Extraído
info@nexran.com,Extraído
adidas.forumaveiro@gng.pt,Extraído
fom@regencysalgados.com,Extraído
illamparorecruta@gmail.com,Extraído
isis.sobral@cclube.pt,Extraído
recrutamento@noviesconsulting.pt,Extraído
farmaciajuizdefora@pnk.pt,Extraído
ciclimbativel@gmail.com,Extraído
comercial@regencysalgados.com,Extraído
info@depiltime.pt,Extraído
rh@rqa.pt,Extraído
eurovilla@sapo.pt,Extraído
pt.carreiras@webuy.com,Extraído
claudia.lopes@pinhais.pt,Extraído
momentossaudaveis@gmail.com,Extraído
recrutamento@sjaakvanschie.pt,Extraído
rh@mct.com.pt,Extraído
heldermjccosta@gmail.com,Extraído
recrutamento@propiping.pt,Extraído
<strong>recrutamento@algarexperience.com,Extraído
comercial@sondalis.pt,Extraído
rcferreir@gmail.com,Extraído
cv@maisfibra.pt,Extraído
scorpionluxurylda@gmail.com,Extraído
geral@lardeidosos.com.pt,Extraído
alexafbs.pt@gmail.com,Extraído
emprego@evashoes.pt,Extraído
recursoshumanos@acasaesua.pt,Extraído
recrutamentosm@simaoemartins.com,Extraído
geral@metapod.me,Extraído
recrutamentoapoiod@gmail.pt,Extraído
recursoshumanos@autoindia.pt,Extraído
recrutamento@ddbc.pt,Extraído
recrutamentolisboa09@gmail.com,Extraído
recrutamento@marreiros.pt,Extraído
pipe.recursoshumanos@gmail.com,Extraído
candidaturas.ram@outlook.pt,Extraído
do@dr-limpezas.pt,Extraído
recrutamento.alma@century21.pt,Extraído
restaurantedomjoaquim@gmail.com,Extraído
emprego.vfx.cc@gmail.com,Extraído
rh.telheiras@era.pt,Extraído
baalalmeida@gmail.com,Extraído
geral@hifarmax.com,Extraído
poisodeeleicao@gmail.com,Extraído
rh@a80-saudesenior.pt,Extraído
lcomercial@mecalux.com,Extraído
jlttransp@gmail.com,Extraído
admin.loures@oksofas.pt,Extraído
rh@centralmed.pt,Extraído
recrutamento@unvorsum.pt,Extraído
geral@oliveiraegoncalves.pt,Extraído
recrutamento@cinavio.pt,Extraído
candidaturas.restaurante.porto@gmail.com,Extraído
rentagru.lda@sapo.pt,Extraído
curriculo.ptelemoveis@gmail.com,Extraído
d.marques@rcgroup.pt,Extraído
recrutamento@eipeople.pt,Extraído
jobs@ebankit.com,Extraído
cascais@sirpt.com,Extraído
janelaminhacasa@gmail.com,Extraído
geral@capsud.pt,Extraído
responder_candidato@sapo.pt,Extraído
recrutamento@arliz.co,Extraído
administrativo@perfiliumms.com,Extraído
Remodelacao@Homedetail.pt,Extraído
paulo.santos@sparkoff.pt,Extraído
geral@gestpoint.pt,Extraído
borgesbeauty.24@gmail.com,Extraído
recrutamento@imeg.pt,Extraído
hiringdm@gmail.com,Extraído
geral@ecosul.pt,Extraído
bancadasuperior@hotmail.com,Extraído
rh.tla@thelincehotels.com,Extraído
recursoshumanos@retailconcept.pt,Extraído
depadministrativo@chit.pt,Extraído
julia.souza@zome.pt,Extraído
rh@femconstrucoes.pt,Extraído
rh.tlsc@thelincehotels.com,Extraído
oliveirabairro@era.pt,Extraído
rh.falperra@thelincehotels.com,Extraído
geral@niobel.pt,Extraído
aifnleiria.escritorio@gmail.com,Extraído
geral@ophi-tech.com,Extraído
info@horizonteamplo.pt,Extraído
recrutamento_solesal.pt@hotmail.com,Extraído
recrutamentocsp@hotmail.com,Extraído
sonia.romero@newprint.pt,Extraído
arestapitoresca@hotmail.com,Extraído
joao.menezes@htr.pt,Extraído
recrutamento@anteros.pt,Extraído
margo.construcao@gmail.com,Extraído
clinicadrlevy@gmail.com,Extraído
taniacorreiabeautycenter@gmail.com,Extraído
gerencia@celiaccount.pt,Extraído
rh@norforma.pt,Extraído
marta@insidetours.com,Extraído
mbh@perpetual-cap.com,Extraído
rh@carpedomus.pt,Extraído
iberinvestimentos@gmail.com,Extraído
canhamvet@gmail.com,Extraído
recrutamento@smtt.pt,Extraído
sor.estetica@gmail.com,Extraído
geral@mycamp.pt,Extraído
susana.fernandes@iasoglobal.com,Extraído
candidaturacentraltriagem@gmail.com,Extraído
geral@conversasdealpendre.com,Extraído
geral@grkservices.pt,Extraído
clinica.saude360@gmail.com,Extraído
geral@pensemcriar.com,Extraído
info@cajc.pt,Extraído
langs.school@gmail.com,Extraído
geral@transwater.pt,Extraído
recursos.humanos@yourhotelspa.com,Extraído
pasantos64@gmail.com,Extraído
recrutamento82023@gmail.com,Extraído
fisioterapia@otomed.pt,Extraído
financeiro@lancaencanto.pt,Extraído
anascnova@outlook.com,Extraído
manutencao@detaillandscaping.pt,Extraído
rh@pcexpressrepair.pt,Extraído
h3.palaciodogelo@grupofh3.com,Extraído
kicandopt@sapo.pt,Extraído
recrutamento.rh@tclafoes.pt,Extraído
pitagoras2003@hotmail.com,Extraído
pacoarcos@evolluxor.com,Extraído
catia@isofacha.pt,Extraído
rh.forlife@remax.pt,Extraído
rh.rdymalveira@gmail.com,Extraído
geral@naturidade-laveiras.pt,Extraído
invicta@predimed.pt,Extraído
simonepereira@century21.pt,Extraído
rh@alcobre.pt,Extraído
ingridearaujo.decisoesesolucoes@gmail.com,Extraído
andre.santiago@one.pt,Extraído
rh@penhafrancahotels.com,Extraído
geral@inotecfil.pt,Extraído
e.geral@cspcaranguejeira.pt,Extraído
Raquel.Figueiredo@asf.pt,Extraído
girassolobvio@gmail.com,Extraído
recursos.humanos@snqtb.pt,Extraído
saldanha@evolluxor.com,Extraído
sjmadeira@explicolandia.com,Extraído
recrutamento.panorama@remax.pt,Extraído
rhclinicadentariaporto@gmail.com,Extraído
geral.saudefacil.pt@gmail.com,Extraído
obacalhauemprato.contacto@gmail.com,Extraído
mariana.silveiro@thelincehotels.com,Extraído
ka.algarve@kaimobiliaria.com,Extraído
recrutamento.rh.amc@gmail.com,Extraído
nelsonfilipepacheco@gmail.com,Extraído
rh@praia-irmao.com,Extraído
geral@conservatorioalarve.com,Extraído
Oportolook@outlook.com,Extraído
rh@evogroup.pt,Extraído
lucianadasilva@workooper.de,Extraído
recrutamento@douromed.com,Extraído
recrutamento@qs-ptempresas.pt,Extraído
geral@boaventuraeboaventura.pt,Extraído
rh@evoproject.pt,Extraído
helenaquerido@covetgroup.com,Extraído
rh@singularglow.pt,Extraído
rh@peficlima.pt,Extraído
horasboemiascv@gmail.com,Extraído
susanaribeiro@novo-horizonte.net,Extraído
matilde.alves@my-match.pt,Extraído
geral@contarruda.eu,Extraído
physio2you.seb@gmail.com,Extraído
empregocozinha1@gmail.com,Extraído
louresinfantado@era.pt,Extraído
recrutamento@ump.pt,Extraído
recrutamento.pt36@gmail.com,Extraído
drh@moviflor.pt,Extraído
keyheritage.rh@gmail.com,Extraído
pneiva@porto.porcelanosa.com,Extraído
candidaturas.abs@gmail.com,Extraído
recrutamento@chagas.pt,Extraído
candidaturas.recrutamento10@gmail.com,Extraído
emprego.mesa@gmail.com,Extraído
recrutamento@agoraporto.pt,Extraído
geral@dymawork.com,Extraído
geral@roady-valongo.com,Extraído
gaiaoriente@era.pt,Extraído
recrutamento@benefica-previdente.com,Extraído
roadyoliveiradeazemeis@gmail.com,Extraído
recrutamento@account4you.pt,Extraído
trefluber@gmail.com,Extraído
administracao@roadyleiria.com,Extraído
candidaturas@exceder.pt,Extraído
recursoshumanos23.pt@gmail.com,Extraído
hr.rch@piamontehotels.com,Extraído
sofia.vaz@improvisangulo.com,Extraído
recrutamento@politejo.com,Extraído
rh@rederia.com,Extraído
gerencia@sushidossamorais.com,Extraído
andreiafminacio.ai@gmail.com,Extraído
diana.loureiro@povoaseg.pt,Extraído
silviajoaquim@gmail.com,Extraído
recursoshumanos@spormex.pt,Extraído
paladareslusoafricanos@gmail.com,Extraído
vibranthealthacademy.info@gmail.com,Extraído
tiascencao@gmail.com,Extraído
mafra@era.pt,Extraído
raquel.vilasboas@one.pt,Extraído
dir@hotelviladobidos.pt,Extraído
recursoshumanos@gt31.pt,Extraído
leiria.df@houseshine.pt,Extraído
rh@norcep.pt,Extraído
info@belavistadaluz.com,Extraído
rh@miniso.pt,Extraído
rh@redbiz.pt,Extraído
pormenoracetinado@gmail.com,Extraído
edgargoncalves@remax.pt,Extraído
luisa.lemos@ronalgroup.com,Extraído
emilia.amoresperfeitos@gmail.com,Extraído
kitchen@lumenhotel.pt,Extraído
candidaturas@pt.accent.jobs,Extraído
candidaturas@realfood.pt,Extraído
recrutamento-rh@outlook.pt,Extraído
recrutamento@zircom.pt,Extraído
recrutamento.pt@torrecid.com,Extraído
rh@artelecom.pt,Extraído
fmisericordianelas@gmail.com,Extraído
candidaturas@vitorsplaza.pt,Extraído
fom@lumenhotel.pt,Extraído
horasingularlda@gmail.com,Extraído
rh@ferramentas.pt,Extraído
recrutamento.4you@remax.pt,Extraído
gestaodecurriculumvitae@gmail.com,Extraído
recursoshumanos@engimov.pt,Extraído
vascofarma3@gmail.com,Extraído
rh.pt@dp-fp.com,Extraído
rhimovinveste@gmail.com,Extraído
recrutamento@apoio.pt,Extraído
donpedrobuffet@hotmail.com,Extraído
recrutamento@xaviermeneses.pt,Extraído
rvsunipessoallda@gmail.com,Extraído
r.humanos@startsocial.org.pt,Extraído
rh@armasul.com,Extraído
classicbar86@gmail.com,Extraído
rhumanos@panidor.pt,Extraído
smq@sergioquerido.com,Extraído
geral@novasae.com,Extraído
rhfatimaspaclub@gmail.com,Extraído
recrutamento@eupago.pt,Extraído
candidaturas@pimentarosadesign.com,Extraído
candidaturas.samoracorreia@gmail.com,Extraído
hr.mgr@atalicpt.com,Extraído
vascomota99@icloud.com,Extraído
porcelanosa@lisboa.porcelanosa.com,Extraído
r.humanos@screstauracao.com,Extraído
recrutamento@novarroz.pt,Extraído
recrutamentomanutencao17@gmail.com,Extraído
jobs@unipeople.pt,Extraído
villapt@villapt.com,Extraído
drh.autocarros@gmail.com,Extraído
ulricalves@hotmail.com,Extraído
whynotstore.portugal@gmail.com,Extraído
nncmet.geral@sapo.pt,Extraído
restauranteocroa@gmail.com,Extraído
willian.europa83@gmail.com,Extraído
recrutamentosdentaria@gmail.com,Extraído
geral@ltek.pt,Extraído
rita.prata@corauto.pt,Extraído
departamento.clientes.estetica@gmail.com,Extraído
csppl.recrutamento@plegua.pt,Extraído
plenocuidadosad@gmail.com,Extraído
direcao@marinhaprime.com,Extraído
jardimdosavos60@gmail.com,Extraído
recursoshumanos@snt.pt,Extraído
recrutamentobarreiro@arcada.com.pt,Extraído
geral@aboutyourway.com,Extraído
correio@soldaplas.pt,Extraído
geral@tomegouveiaarquitecto.pt,Extraído
recrutamentomariapimenta@mariapimenta.pt,Extraído
rh@tapetesbeiriz.com,Extraído
mafalda.almada@live.com.pt,Extraído
recrutamento@gmc.pt,Extraído
restaurantedecanto@gmail.com,Extraído
rh@simar.pt,Extraído
operacoes2@a100.pt,Extraído
rh@smashville.pt,Extraído
geral@centrospraga.pt,Extraído
Lpaulos@century21.pt,Extraído
recursoshumanos@padariapereira.pt,Extraído
sempreasordensmaia@gmail.com,Extraído
rhrecrutamento.centrodeestudos@gmail.com,Extraído
debestmassage@gmail.com,Extraído
matilde.b.eugenio.miranda@gmail.com,Extraído
josebranco@foodcollection.pt,Extraído
recrutamento@playbus.pt,Extraído
vkk@outlook.pt,Extraído
recrutamento@torelboutiques.com,Extraído
Info@chemdryportugal.com,Extraído
comercial@construfaz.pt,Extraído
geral@techpoint.pt,Extraído
lfarinvest@gmail.com,Extraído
info@valaevieira.com,Extraído
geral@elos-servicos.pt,Extraído
rh@fas.pt,Extraído
recrutamento@grupomerito.pt,Extraído
info@colinskinner.pt,Extraído
recursoshumanos@ferpainel.pt,Extraído
recursoshumanos@ceramirupe.com,Extraído
alulineportugal@sapo.pt,Extraído
sara.miguel@sytalmad.pt,Extraído
dre@misericordiaob.pt,Extraído
f.do-o@dolfi1920.pt,Extraído
info@inventomusical.com,Extraído
holiveira@landman.pt,Extraído
candidaturas@vitaminpeople.pt,Extraído
candidaturastn@gmail.com,Extraído
bensu@medicarrera.com,Extraído
direcao@seaportohotel.com,Extraído
holifisio@gmail.com,Extraído
fb@lumenhotel.pt,Extraído
geral@jardinsacurcio.pt,Extraído
recrutamento@innovart.pt,Extraído
meulimao.winebar@gmail.com,Extraído
comercial.rvn@gmail.com,Extraído
geral@casademontezelo.com,Extraído
recursoshumanos@grupo-fa.com,Extraído
jobs@byonsolutions.com,Extraído
jose.rocha@chaiselongue.pt,Extraído
ruifilipepinto@hotmail.com,Extraído
andre@portugueseconnection.pt,Extraído
recrutamento@host-rh.com,Extraído
escritorio.geral@grupofoodmoments.pt,Extraído
rh@tilmanportugal.com.pt,Extraído
dep.rhumanos.20@gmail.com,Extraído
centroterapeuticonatura@gmail.com,Extraído
recrutamento@soremates.pt,Extraído
recrutamento@garcia.pt,Extraído
hrbusinesstalents@gmail.com,Extraído
gm.prelada@cr7fitnesscrunch.com,Extraído
info@asmda.pt,Extraído
candidatura.beirabaixatv@hotmail.com,Extraído
squareimagin@gmail.com,Extraído
geral@passeata.pt,Extraído
sal8g7223@gmail.com,Extraído
jnunes@decoluso.pt,Extraído
rhbpareeiro@gmail.com,Extraído
emelaboratorio25@gmail.com,Extraído
rh@exuvent.pt,Extraído
jobs@ativokids.com,Extraído
rh@nutrifresco.pt,Extraído
rh@teletuela.pt,Extraído
recrutamento@baratahotels.com,Extraído
rhumanos@vigobloco.pt,Extraído
veramagalhaes@craftdp.com,Extraído
rh@flagworld.pt,Extraído
rh.fsantossilva@gmail.com,Extraído
o.guimaraes@myklinyc.pt,Extraído
rh@biomaplants.pt,Extraído
Hamburgueriabruto@gmail.com,Extraído
luiscampos@artifel.com,Extraído
recursos.humanos@forch.pt,Extraído
guidi@eggbackhome.com,Extraído
info@azoreslovers.com,Extraído
geral@bpaintingcustom.com,Extraído
geral@aescolinhadofigo.com,Extraído
recrutamento@scmg.pt,Extraído
geral@sparkjobs.pt,Extraído
geral@ferberto.pt,Extraído
amma@amma.pt,Extraído
ildareisepa@gmail.com,Extraído
baixaforno@gmail.com,Extraído
aptidaocompleta@outlook.pt,Extraído
julesdaynosportugal@gmail.com,Extraído
rh@havennaturehotel.com,Extraído
manuel.araujo@vidagopalace.com,Extraído
info@benedictlisboa.com,Extraído
nalfuel.abrunheira@gocarmat.pt,Extraído
pedro.pacheco@pneuvita.pt,Extraído
emprego@angelpilot.com,Extraído
sandra@thehomeboatcompany.com,Extraído
recrutamento@finecook.pt,Extraído
Way2azoresrecrutamento@gmail.com,Extraído
flavia.dinis.445@lvlrh.pt,Extraído
rhcolaboradores@flywhite.com,Extraído
sonia.tino@gogym.pt,Extraído
marketing@mechconsultores.com,Extraído
recrutamento.carreira.comercial@gmail.com,Extraído
rh@scmmealhada.pt,Extraído
geral.bfadvogados@gmail.com,Extraído
rh@vidralgar.pt,Extraído
recursos.humanos@jobasi-sa.com,Extraído
geral@benzos.pt,Extraído
gestao.condominios09@gmail.com,Extraído
recrutamento@exclusivefraction.pt,Extraído
info@spacesandplaces.pt,Extraído
geralbistrosalvi@gmail.com,Extraído
isabel.santos@infinitlabel.com,Extraído
cacirve@gmail.com,Extraído
recrutamento@cleanology.pt,Extraído
casacubaixo.rh@gmail.com,Extraído
metalfernandes@hotmail.com,Extraído
drh@quintadamarinha.pt,Extraído
csspf@csspf.pt,Extraído
geral.saoclemente@outlook.pt,Extraído
pdonamaria@hoteis-belver.pt,Extraído
info@aroplast.pt,Extraído
portoribeira.qld@carrishoteles.com,Extraído
rh@solardospresuntos.com,Extraído
rjcramiro0878@gmail.com,Extraído
geral@cpfa.pt,Extraído
geral@tangerinerent.com,Extraído
g.arrabida@mikedavis.pt,Extraído
candidaturas.empresas@gmail.com,Extraído
ec.portela1033@gmail.com,Extraído
quintadaestrada1820@gmail.com,Extraído
info@previacademy.pt,Extraído
trabalharnointermarche@intergaia-com.net,Extraído
candidatura.hrselect@gmail.com,Extraído
rgomes@jacinto-lda.com,Extraído
pharmacyhrarp@gmail.com,Extraído
geralcompany.pt@gmail.com,Extraído
chef@obistro.pt,Extraído
distanciabanal.lda@gmail.com,Extraído
pauloquindanda@tubosvouga.pt,Extraído
suinidinis@sapo.pt,Extraído
recrutamento@easychoice.com.pt,Extraído
tiagocoimbrarodrigues@gmail.com,Extraído
portugal.recrutamento.orey@gmail.com,Extraído
recrutamento@electrexwelding.com,Extraído
geral@tm2c.pt,Extraído
info@teamsaude.pt,Extraído
geral@riberdis.pt,Extraído
cdbelas.coordenacao@gmail.com,Extraído
emprego.farma@sapo.pt,Extraído
lar@centrosocialdeferreiros.pt,Extraído
recrutamentoelement@gmail.com,Extraído
fisitrofa@gmail.com,Extraído
sba.recursoshumanos@gmail.com,Extraído
info@rcedro.com,Extraído
susana.fontes@smile2impress.com,Extraído
rh@hotelmiracorgo.com,Extraído
rh@hortamadeira.com,Extraído
bp.moita@vlucas.pt,Extraído
svieira@grouptch.com,Extraído
fom@exepraiagolfe.com,Extraído
geral@lokolokomadeira.com,Extraído
candidaturas@domduarte.com,Extraído
harmoniadokorpoclinicas@gmail.com,Extraído
gerencia@colinaverde.pt,Extraído
jocer@sapo.pt,Extraído
recrutamentosolinca@gmail.com,Extraído
costaazulcd@gmail.com,Extraído
rh@jetstand.pt,Extraído
oterreirinhocv@gmail.com,Extraído
memmartins@osbelenenses.pt,Extraído
rh@tensai.pt,Extraído
geral@terrafiel.com,Extraído
rh@celoplas.pt,Extraído
geral@cleanpadel.pt,Extraído
grupofalmeida@gmail.com,Extraído
administrativo1@carisvalor.pt,Extraído
candidaturas@pt.controlar.com,Extraído
candidaturas@transniza.pt,Extraído
rh@eternalandmodern.com,Extraído
recrutamento.liberty@remax.pt,Extraído
carnes2002@gmail.com,Extraído
rh@cwpower.pt,Extraído
geral@cuidadosdignos.pt,Extraído
camilasanoliver@hotmail.com,Extraído
cls2loja@gmail.com,Extraído
clinica.evorasaude@gmail.com,Extraído
Clinicafelur@gmail.com,Extraído
geral@pbcondominios.pt,Extraído
geral@citywater.pt,Extraído
curriculos.vitabio@gmail.com,Extraído
geral@aptidaocompleta.pt,Extraído
gerencia@lactifeita.pt,Extraído
jessicaalegrivarias@gmail.com,Extraído
macro.frio@macro-frio.pt,Extraído
recursoshumanos@appacdmmaia.org,Extraído
emprego.serralheiro@gmail.com,Extraído
pedrocamaralima@gmail.com,Extraído
rtutilempregos@gmail.com,Extraído
colegioportuguesdeluanda@gmail.com,Extraído
recrutamentoselecao.viseu@gmail.com,Extraído
paulojbq@gmail.com,Extraído
fernandafonseca@chip7.pt,Extraído
joaosilva@vianafogo.pt,Extraído
sapinto@sapinto.pt,Extraído
geralprotagonistomania@gmail.com,Extraído
contabilidade@helenometal.com,Extraído
recrutamento.contabilidade.pl@gmail.com,Extraído
contabilidade@rcristorei.com,Extraído
geral@suinidinis.pt,Extraídofinanceiro@mgconsulting.pt,Extraído
genk.recruitment@carriere.com,Extraído
geral@prismeira.pt,Extraído
portoagrinature@gmail.com,Extraído
hr.pt@prettl.com,Extraído
supervisor@rosalmahostel.com,Extraído
santotirso@davinci.edu.pt,Extraído
luis.caeiro@edp-bigone.pt,Extraído
dignusfuneraria@gmail.com,Extraído
micacila@sapo.pt,Extraído
guimaraes@onodera.com.pt,Extraído
bebambuser@gmail.com,Extraído
iabreudasilva@lear.com,Extraído
info@blink-eye.com,Extraído
farmaciacavaleirosrecrutamento@gmail.com,Extraído
levelupcentrodeestudos@gmail.com,Extraído
rh@castroelectronica.pt,Extraído
asantos@remax.pt,Extraído
geral@maisnutricao.pt,Extraído
ax.metalworking@hotmail.com,Extraído
geral@naturalbio.pt,Extraído
geral@flmtextil.com,Extraído
amshr.pt@gmail.com,Extraído
info@iberobox.pt,Extraído
daniel_tony_2@hotmail.com,Extraído
recrutamento.tnovas@gmail.com,Extraído
mlb9500@gmail.com,Extraído
nortetvde@gmail.com,Extraído
dipo@unu.pt,Extraído
joana@espaisroca.com,Extraído
geral@formaschool.pt,Extraído
recrutamentobas@brisa.pt,Extraído
humanressources@gensun.fr,Extraído
modelconta@sapo.pt,Extraído
geral@dirsil.com,Extraído
redesocial.pateovelho@gmail.com,Extraído
imoveis@agraca.com,Extraído
vietnamesa.hr@gmail.com,Extraído
rhfarmas@gmail.com,Extraído
info@rosaperez.pt,Extraído
recursos.humanos@clinicadotempo.pt,Extraído
trafego@logitime.pt,Extraído
rh@iberconcept.pt,Extraído
manuelasousa@ecosapiens.pt,Extraído
cafedobairrocabriz21@gmail.com,Extraído
azurmaquinas@sapo.pt,Extraído
bruno.castanheira@restaurfun.pt,Extraído
dormirbem.porto@gmail.com,Extraído
recrutamentonuris@gmail.com,Extraído
geral@fundacaozino.pt,Extraído
cpalha@mva-indsutria.com,Extraído
financeiro@mgconsulting.pt,Extraído
binod@lechiarecruitment.pl,Extraído
cometademocoes.lda@gmail.com,Extraído
recrutamento.globalrest@gmail.com,Extraído
recursoshumanos@salimpa.pt,Extraído
seleccionpersonal@sagardi.com,Extraído
recursoshumanos.confraria@gmail.com,Extraído
loule@caovivio.pt,Extraído
cpalha@mva-industria.com,Extraído
geralconforenergy@gmail.com,Extraído
recrutamento@prakzis.com,Extraído
direcao@landofalandroal.pt,Extraído
lapaconta@mail.telepac.pt,Extraído
recrutamento@edgarallanpoe.pt,Extraído
geral.rag@gmail.com,Extraído
candidaturas.evora@be-fit.pt,Extraído
apereirahugo@gmail.com,Extraído
recrutamento2024e2025@gmail.com,Extraído
recrutamento.ass@aguasaosilvestre.pt,Extraído
pvaz@4now.pt,Extraído
pitadaforte@gmail.com,Extraído
recrutamento.arcodocego@anicura.pt,Extraído
intermarchelordelo@gmail.com,Extraído
madeira@city-sightseeing.pt,Extraído
geral@lifegymnasium.com,Extraído
nadiasofiarodrigues@visabeiraglobal.com,Extraído
renato.917899902@gmail.com,Extraído
geral@pullprint.pt,Extraído
geral@lamiapizza.pt,Extraído
marta.sa@remax.pt,Extraído
angelica.pequito@cepra.pt,Extraído
recursos_humanos-prt.hospitalares@urbaser.com,Extraído
3d.academiasenior@gmail.com,Extraído
sh2me2018@gmail.com,Extraído
comercial@rotfast.com,Extraído
info@cesform.pt,Extraído
recrutamento@royalhouse.pt,Extraído
gestor.efic.condo@gmail.com,Extraído
geral@epff-intep.pt,Extraído
admin@spotclinic.pt,Extraído
apoioflordolar@gmail.com,Extraído
geral@suldouro.pt,Extraído
delegadocomercialpt@naturhouse.com,Extraído
recrutement.portugal@interloggroup.com,Extraído
rechumanos@dorisol.pt,Extraído
recrutamento@trevipapel.com,Extraído
recruitment@bridge351.com,Extraído
geral@ronsegur.pt,Extraído
geral@grupogala.pt,Extraído
recrutamento@santamadalena.pt,Extraído
geral@raisemeup.pt,Extraído
candidaturas@hci.pt,Extraído
vaniacorreia@workaway.network,Extraído
STEF_PORTO_RECRUTAMENTO@stef.com,Extraído
diana.jardinsdoporto@unlockhotels.com,Extraído
TalentAcquisitioniberia@essilorluxottica.com,Extraído
grupojaf.recrutamento@gmail.com,Extraído
recrutamento@suma.pt,Extraído
recursoshumanos@niposom.com,Extraído
recrutamento@connecta.cc,Extraído
lafernandez@centauro.net,Extraído
recursoshumanos@jotabap.pt,Extraído
recrutamentossm@gmail.com,Extraído
marlene.silva@snow-white.pt,Extraído
candidaturas@starfoods.pt,Extraído
barbara@liq.pt,Extraído
recrutamentoagueda@grupoconstant.com,Extraído
odamaso@traco-recto.com,Extraído
candidaturas.somossaude@gmail.com,Extraído
recrutamento@laserplace.pt,Extraído
geral.olaias@lemonfit.pt,Extraído
isqsolutions@isq.pt,Extraído
recrutamento@ibg-global.com,Extraído
recursos.humanos@luis-simoes.com,Extraído
recrutamento@sellpoint.pt,Extraído
recrutamento@food4kings.com,Extraído
dep.rh.mo@outlook.pt,Extraído
recrutamento.crm@irmashospitaleiras.pt,Extraído
geral.pwkp@gmail.com,Extraído
daniel.filipe.mmxxiv@gmail.com,Extraído
fsp@damm.com,Extraído
bpereira@perene.pt,Extraído
candidaturas@masterfruits.com,Extraído
ttome.cg@gmail.com,Extraído
recrutamento@ativa.com.pt,Extraído
recrutamento@fuste.pt,Extraído
recrutamento@greenworld.pt,Extraído
candidaturas@hidma.pt,Extraído
recrutamento@iddeal.pt,Extraído
silvia.pontes@pestana.com,Extraído
candidaturas@mri.pt,Extraído
marketingdigital.acredita@gmail.com,Extraído
info@aristodolphin.com,Extraído
andrea.bras@somitel.pt,Extraído
recrutamento@grupolabialfarma.com,Extraído
hk.palaciodogelo@gmail.com,Extraído
recrutamento@neverbetter.pt,Extraído
projects@kpihotel.com,Extraído
candidatura@cloeevents.com,Extraído
pedro.martins@pitagorica.pt,Extraído
apply@precisers.pt,Extraído
candida.forrester@unlockhotels.com,Extraído
recrutamento.phive@gmail.com,Extraído
recrutamento@quintadacomporta.com,Extraído
olga.teixeira@h3.com,Extraído
candidaturas@groupe-lauak.com,Extraído
marina.campos@pluricall.pt,Extraído
talent@mcagroup.com,Extraído
latitudesinceralda@gmail.com,Extraído
leiria@indice-consultores.pt,Extraído
recrutamento@eurohuman.pt,Extraído
j.ribeiro@l-and.com,Extraído
recrutamento@grupomartins.pt,Extraído
jobs@rmc.pt,Extraído
candidaturas@axisporto.com,Extraído
mpereira@nploy.pt,Extraído
recrutamento.porto@nogueiras.rest,Extraído
candidaturas@fercayo.pt,Extraído
recrutamentoipssgaia@gmail.com,Extraído
jvasconcelos@celtic.pt,Extraído
candidaturas2@termcerto.com,Extraído
carlos.lemos.xavier78@gmail.com,Extraído
dompifood@hotmail.com,Extraído
geral@taas-wash.com,Extraído
mauro@asgconstrucoes.pt,Extraído
rh.adcl@adp.pt,Extraído
cvi2015.pt@gmail.com,Extraído
240715@ditame.com,Extraído
ana.alves@grupomulticontact.pt,Extraído
t.dantas-ribeiro@europlanit.nl,Extraído
acavaleiro@afjglobal.com,Extraído
geral.abrantes@artic.pt,Extraído
Vaniacorreia@workaway.network,Extraído
candidaturas.subway@gmail.com,Extraído
recrutamentogood4life@gmail.com,Extraído
info@xsi.pt,Extraído
recrutamento@compincar.com,Extraído
recrutamento@nuclisol.org,Extraído
recursoshumanos@urbanos.com,Extraído
escritorio@anossapeixaria.pt,Extraído
rhrecrutamento@gatopreto.com,Extraído
recrutament@sapo.pt,Extraído
careers@qsr.consulting,Extraído
select.recrutamento@decenio.com,Extraído
candidatura.pt@lvlgroup.eu,Extraído
tcorreia@vadeca.pt,Extraído
candidaturas4@termcerto.com,Extraído
recursos.humanos@sofrapa.pt,Extraído
recrutamento@premiumgreenmail.pt,Extraído
applications.ptgvi@gmail.com,Extraído
margarida.couto@adecco.com,Extraído
recrutamento@casapeixoto.pt,Extraído
dshvrecrutamento@outlook.pt,Extraído
recrutamento@workview.pt,Extraído
cuidarsenior@zohomail.eu,Extraído
ldominguez@fine.org.pt,Extraído
formacao@ronsegur.pt,Extraído
recrutamento@grupoboticario.pt,Extraído
geral@cuidarte.pt,Extraído
rhumanos@agenciadl.pt,Extraído
recrutamento@acapo.pt,Extraído
candidaturas@grupojrc.pt,Extraído
geral@guestify.pt,Extraído
recrutamento@labialfarma.com,Extraído
rhnacional2025@gmail.com,Extraído
trabalho@magnolia-silver.pt,Extraído
sonianunes@grupoconstant.com,Extraído
recrutamento@jotabap.pt,Extraído
coordenacao@geton.pt,Extraído
recrutamento@choicecar.pt,Extraído
recrutamento@valortotal.pt,Extraído
brunoferreira@cops.pt,Extraído
recrutamento.rootsperformance@gmail.com,Extraído
cv.desthost@gmail.com,Extraído
recursoshumanos@blc3.pt,Extraído
geral@acconsulting.pt,Extraído
isabel.couto@machadosilveira.pt,Extraído
curriculos@centromedicodapraca.pt,Extraído
recrutamento@digi.pt,Extraído
direcao.estuariododouro@emeis.com,Extraído
tondela@era.pt,Extraído
hk.patriciafernandes@gmail.com,Extraído
recursos.humanos@alivetravel.com,Extraído
eduardasilva.personaltrainer@gmail.com,Extraído
margarida.silva@serunion.elior.com,Extraído
geral@winworking.pt,Extraído
recruitment@e-sycare.com,Extraído
recursoshumanos@machadosilveira.pt,Extraído
recrutamento@clece.pt,Extraído
CANDIDATURAS@PRESTIBEL.PT,Extraído
porto@prestibel.pt,Extraído
candidaturas@axisvermar.com,Extraído
marinaramalho@orbcom.pt,Extraído
e.marcos@rsa.pt,Extraído
geral.robertoematias@gmail.com,Extraído
dei@liq.pt,Extraído
cavinorte@acapo.pt,Extraído
recrutamento@cnscampus.com,Extraído
jobs@ccg.pt,Extraído
vparente@vilaagale.com,Extraído
recrutamento.porto@interdomicilio.pt,Extraído
recrutamento.acredita@gmail.com,Extraído
vparente@vilagale.com,Extraído
recrutamento@lunahoteis.com,Extraído
geral@bodymindcare.pt,Extraído
Recrutamento@grupomartins.pt,Extraído
Rhumanos012025@gmail.com,Extraído
career@thelargo.com,Extraído
stef_porto_recrutamento@stef.com,Extraído
rh@casadiff.com,Extraído
admin@earthform.pt,Extraído
recrutamento@homycasa.pt,Extraído
recrutamento2@medipeople.pt,Extraído
recrutamento@frh.pt,Extraído
candidaturas@globalpeople.pt,Extraído
talent@growin.com,Extraído
formacao.interna@grupojap.pt,Extraído
geral@scpr.pt,Extraído
recrutamentoamazingfood@gmail.com,Extraído
recrutamento@optibuilding.pt,Extraído
recrutamento@referencial.pt,Extraído
rh.inter.carvoeiro@gmail.com,Extraído
rh.grupoavelinos@gmail.com,Extraído
recursos.humanos@sonepar.pt,Extraído
crew@primemarineship.pt,Extraído
laranjeiras@era.pt,Extraído
scarvalho@reloading.pt,Extraído
lgoncalves@qsr.consulting,Extraído
ines.fontes@synergie.pt,Extraído
npruela@gmail.com,Extraído
patricia.ferreira@reta.pt,Extraído
recrutamento.lisboa@starface.pt,Extraído
jleitao.farmacia.belem@grupo-holon.pt,Extraído
recrutamento@salvaria.pt,Extraído
recrutamento.comporta@amorimluxury.com,Extraído
rh@huitre.pt,Extraído
recruitment@vindur.pt,Extraído
rita.oliveira@cbtalents.com,Extraído
gov.cp@almalusahotels.com,Extraído
candidaturas@kik.pt,Extraído
fom.cp@almalusahotels.com,Extraído
team@bomportohotels.com,Extraído
recrutamento.torresvedras@blconsulting.pt,Extraído
recrutamento@csfarmacias.pt,Extraído
vasco.oyaneder@brava-internacional.com,Extraído
recrutamento@delagroup.pt,Extraído
recrutamento@topperformers.pt,Extraído
energia@centrodenegocios.pt,Extraído
gomairfabrica@gmail.com,Extraído
andreia@artic.pt,Extraído
recrutamento.recrutamento2007@gmail.com,Extraído
geral@jralexandre.pt,Extraído
miguel.barros@timbrehotels.com,Extraído
dirmatica.rh@gmail.com,Extraído
geral@eppb.pt,Extraído
giestadaventura@gmail.com,Extraído
recrutamento@poupanca.pt,Extraído
info@brisintemporal.com,Extraído
candidaturas@enfis.pt,Extraído
rh.adm.sintra@gmail.com,Extraído
hi@normo.pt,Extraído
estudosebrincadeiras1@gmail.com,Extraído
info@drivingmadeira.com,Extraído
rpcinvestimentos@gmail.com,Extraído
bruno.henriques@rostosativos.com,Extraído
candidatura@psg.com.pt,Extraído
a2servicos.recrutamento@gmail.com,Extraído
nunoveloso@mainside.pt,Extraído
assistencia.24@hotmail.com,Extraído
recursoshumanos@misericordia-oeiras.pt,Extraído
geral@mutualistadacovilha.pt,Extraído
infomoldescad@gmail.com,Extraído
rh.highcellworks@gmail.com,Extraído
renato@eztec.pt,Extraído
recrutamento@epinfante.com,Extraído
diogosilva@agremor.pt,Extraído
direcao.rh@antoniomacanita.com,Extraído
geral@ggn.pt,Extraído
telepizzapenafiel@hotmail.com,Extraído
recursoshumanos@comenius.pt,Extraído
admin@atlantichotels.pt,Extraído
rsantos@biscuitinternational.com,Extraído
recrutamento@bairroaltohotel.com,Extraído
candidaturas@hlink.pt,Extraído
alexandrabarrelasaude@outlook.com,Extraído
recrutamento@nucase.pt,Extraído
direcaoclinica@hairvolution.pt,Extraído
info@culsen.com,Extraído
geral.ctdl@gmail.com,Extraído
geral@arquirenova.pt,Extraído
pessoas@montessoriporto.org,Extraído
recrutamento@roq.pt,Extraído
recrutement@cpartners.lu,Extraído
pessoal.mgv@gmail.com,Extraído
joao.couto@vtm-global.com,Extraído
rechumanos@aeci.pt,Extraído
ecomais@ecomais.pt,Extraído
admin@terracoalta.com,Extraído
recrutamento@ab-ace.pt,Extraído
mcdonalds.madeira@gmail.com,Extraído
ccpaioperes@sapo.pt,Extraído
luis.menino@realvidaseguros.pt,Extraído
recepcionistalisboa25@gmail.com,Extraído
sabinoboattours@gmail.com,Extraído
mariana.queiros@lfmcorporate.com,Extraído
ola@jumpstartconsult.com,Extraído
rh@calculocontinuo.pt,Extraído
geral@wakedayspa.pt,Extraído
rh@louriplanta.pt,Extraído
edosushi0@gmail.com,Extraído
ivanibar2024@gmail.com,Extraído
accarnes@gmail.com,Extraído
recrutamento.truehospitality@gmail.com,Extraído
certivias@gmail.com,Extraído
info@megoest.com,Extraído
Terracodebelem@gmail.com,Extraído
rh@consuma.pt,Extraído
geralrmrvpiscinas@gmail.com,Extraído
sw.recrutamento24@gmail.com,Extraído
Epopeia.mjf@sapo.pt,Extraído
geral@systema-vertical.pt,Extraído
odivelas@helendoron.com,Extraído
recruiting@boellinghaus-steel.com,Extraído
recrutamento.story@century21.pt,Extraído
abrigodopescador.ereira@gmail.com,Extraído
rh@bbsolucoesdeconfianca.com,Extraído
recursoshumanos@santanahotel.pt,Extraído
florbelasazevedo@gmail.com,Extraído
mmpmarquitectos@gmail.com,Extraído
joseg@tecit.pt,Extraído
jccerqueira@dgltextil.pt,Extraído
processosrecrutamento@ahptus.com,Extraído
recrutamento@sogefin.pt,Extraído
recrutamento@deco.pt,Extraído
geral@alfaiategarcia.com,Extraído
gerencia3.povoalanhoso@era.pt,Extraído
jobs@matchtech.pt,Extraído
geral@astal.com.pt,Extraído
jobs@assergest.pt,Extraído
jordanachaffe@maisconsultores.pt,Extraído
marlicavaco@remax.pt,Extraído
gpdesenvolvimento@aguasdoporto.pt,Extraído
drh.recrutamento.porto@ucp.pt,Extraído
ana.costa@companhiapropria.pt,Extraído
ntemprego@gmail.com,Extraído
recrutamento@pagumi.pt,Extraído
rh.lisboa@imo-triomphe.pt,Extraído
rh1.gaiaarrabida@era.pt,Extraído
autorodrigues@sapo.pt,Extraído
pedro.dsloule@gmail.com,Extraído
geral@gruporq.pt,Extraído
candidaturas360@gmail.com,Extraído
rhcondominios166c@gmail.com,Extraído
piramidedosucesso@sapo.pt,Extraído
rh@forcetime.pt,Extraído
joao.tiago@flordamoda.pt,Extraído
rh-portugal@fi-group.com,Extraído
assistenteoperacionalbt@gmail.com,Extraído
casa.carla@sapo.pt,Extraído
elsagomes@joia.fr,Extraído
rui.oliveira@7skin.pt,Extraído
geralrhbs@gmail.com,Extraído
rsantos@arminbastian.pt,Extraído
administrativo@autatlantis.com,Extraído
RH@CONSTRULINE.PT,Extraído
qualidade@benafrio.pt,Extraído
hotelrecruta@hotmail.com,Extraído
recursoshumanos@ramirexplasticos.com,Extraído
rh@argatecnic.pt,Extraído
demagalhaes@remax.pt,Extraído
recrutamento@correia-correia.com,Extraído
rrhh.portugal@actahotels.com,Extraído
recrutamento.adra@adp.pt,Extraído
recrutamento@poolpro.pt,Extraído
autoorodrigues@gmail.com,Extraído
gaiamarginal@era.pt,Extraído
henrique.ribeiro@harpadourada.pt,Extraído
pedrabase@pedrabase.pt,Extraído
vertigo.ac@gmail.com,Extraído
recruta.labo@gmail.com,Extraído
rh@somos.pt,Extraído
cecilia@ecoviagens.pt,Extraído
danielaguerreirocardoso@gmail.com,Extraído
recrutamentoiberostarlis@iberostar.com,Extraído
geral@superolhao.pt,Extraído
rigorvias@gmail.com,Extraído
ricardo@dreamwavealgarve.com,Extraído
talentos@caixamagica.pt,Extraído
ceo@gfic.pt,Extraído
rh@geopalm-consulting.com,Extraído
recrutamento@d8-solutions.pt,Extraído
marion.keraval@eotim.com,Extraído
drh@kilom.pt,Extraído
flores@c4you.pt,Extraído
rh@recife.com.pt,Extraído
lisboa.administracion@redur.es,Extraído
recursos.humanos@certeca.pt,Extraído
carla@dreamwavealgarve.com,Extraído
contabilidade@belavistadaluz.com,Extraído
ec.imocerta@comprarcasa.pt,Extraído
recruta.brg@gmail.com,Extraído
mail@joaquimfernandes.pt,Extraído
gaiasul@era.pt,Extraído
advance.rhmarisa@gmail.com,Extraído
geral@myproject.com.pt,Extraído
armoaarmoa367@gmail.com,Extraído
geral@fmsolarsystems.pt,Extraído
rh@obricaje.pt,Extraído
jbtalents.pt@gmail.com,Extraído
rh.norte@projecttime.pt,Extraído
almada@gmail.com,Extraído
recrutamento@grupopateo.pt,Extraído
ines.carvalho@grupo-wbd.pt,Extraído
drh@viadirectanet.pt,Extraído
elsa.rocha@century21.pt,Extraído
recursoshumanos@physiohub.pt,Extraído
cv@tratolixo.pt,Extraído
hr@fatima-hotels.com,Extraído
cavi.norte@vidaindependente.org,Extraído
accounts@vermelhomelides.com,Extraído
candidaturas@worldjob-ett.com,Extraído
geral@trabalhostemporarios.com,Extraído
recrutamento.norte@atemporaria.pt,Extraído
recrutamento@staples.pt,Extraído
recursoshumanos@prospectiva.pt,Extraído
emprego@forumseleccao.pt,Extraído
nelson.pereira@instalfogo.pt,Extraído
candidaturas@thinkattitude.pt,Extraído
recrutamento@vdc-consulting.pt,Extraído
gaia.groupeleader@hotmail.com,Extraído
recrutamento@receivetalent.pt,Extraído
rhpontodevenda@salesland.net,Extraído
recrutamento.porto@rcs-pt.pt,Extraído
recrutamentomcdonalds@pt.mcd.com,Extraído
recrutamento.sul@serlima.pt,Extraído
recrutamento@2-resource.com,Extraído
claudia.martins@intelac.pt,Extraído
celia.agostinho@intelac.pt,Extraído
ana.portas@intelac.pt,Extraído
recursos.humanos@live-place.com,Extraído
candidaturas@grupot2.pt,Extraído
andreia.aguiar@intelac.pt,Extraído
rh@ivcevidensia.pt,Extraído
recrutamento@key.pt,Extraído
recrutamento.porto@pw30.pt,Extraído
expansaorubrica@century21.pt,Extraído
red@reditus.pt,Extraído
lreis@begreat-consulting.com,Extraído
recrutamentohotelariaresorts@editoryhotels.pt,Extraído
jose.pires@intelac.pt,Extraído
leader.aveiro@actualgroup.com,Extraído
psicotempos@psicotempos.pt,Extraído
joana.coelho@grupojap.pt,Extraído
recrutamento@sa-machado.com,Extraído
rh@doitbetter.pt,Extraído
algarve@grupot2.pt,Extraído
carina.nunes@live-place.com,Extraído
departamento.rhs@gmail.com,Extraído
candidaturasemprego@protokol.pt,Extraído
recrutamentosjm@nortempo.pt,Extraído
recrutamento@peopleconquest.com,Extraído
leonor.carvalho@peopleconquest.com,Extraído
info@globalpeople.pt,Extraído
debora.toco@forumseleccao.pt,Extraído
recursos.humanos@tecnovia.pt,Extraído
recrutamento@dhs.pt,Extraído
recruramentosjm@nortempo.pt,Extraído
recrutamento@labmedsaude.pt,Extraído
recruitment@select-pros.com,Extraído
recrutamento@pmt-engenharia.pt,Extraído
recrutamentopw30@gmail.com,Extraído
dubairecruitment@peopleconquest.com,Extraído
recrutamento.apoio@such.pt,Extraído
candidaturas@nomadreflex.pt,Extraído
andreia.queiros@hays.pt,Extraído
geral@ptmeta.pt,Extraído
recrutamento@blueandgreen.com,Extraído
recruitmemt@select-pros.com,Extraído
recrutamento@tribetech.pt,Extraído
recrutamento@casais.pt,Extraído
telma.graca@projetos.knower.pt,Extraído
recrutamento.sales@projetos.knower.pt,Extraído
rh@inovplena.pt,Extraído
recrutamento.norte@manpower.pt,Extraído
Recrutamento@tribetech.pt,Extraído
recrutamento.cro@trivalor.pt,Extraído
cmarques@bijou-brigitte.com,Extraído
reposicao@massimoevents.pt,Extraído
rhlisboa@asolucao.pt,Extraído
geral@iplnt.pt,Extraído
recrutamentonortecentro.sbs@gmail.com,Extraído
rh@tcpi.pt,Extraído
rh@windoorlisboa.pt,Extraído
rh@ilvero.pt,Extraído
recursos.humanos@fsb.pt,Extraído
Madalena.toscano@bijou-brigitte.com,Extraído
candidaturas@maisrhumo.com,Extraído
happycomforttelheiras@gmail.com,Extraído
recrutamentoxg@pt.mcd.com,Extraído
recrutamento@steamconsulting.pt,Extraído
comercial@congeladosmoreira.com,Extraído
recrutamento@balbino-faustino.pt,Extraído
recrutamento@intimeett.com,Extraído
geral@congeladosmoreira.com,Extraído
fatima.cunha@energiacoletiva.pt,Extraído
candidaturas@jjlouro.com,Extraído
recrutamento@firmart.pt,Extraído
solangereishk@gmail.com,Extraído
geral@tiel.pt,Extraído
sramos@movijovem.pt,Extraído
rh@tmbrites.pt,Extraído
goncalo.reixa@melia.com,Extraído
rh.dominos.guimaraes@gmail.com,Extraído
geral@civiconcebe.pt,Extraído
jobs@youhot.com,Extraído
geral@adpn.pt,Extraído
recursos.humanos@almas-industries.pt,Extraído
equipa@projetotsm.com,Extraído
recrutamento.barreiro@jobandtalent.com,Extraído
emprego@jna.pt,Extraído
recrutamento.lisboa@algartempo.pt,Extraído
rh@sa-formacao.pt,Extraído
geral@humanfirst.pt,Extraído
more.rh@moresults.pt,Extraído
paulo.rodriguez@sempreperto.com,Extraído
geral@disaglima.com,Extraído
marta@animaris.pt,Extraído
nl@cctalents.pt,Extraído
contratacoes.Algarve@gmail.com,Extraído
recrutamento@livingtours.com,Extraído
recrutamento@ms-group.pt,Extraído
musicand@sapo.pt,Extraído
recursoshporto@gmail.com,Extraído
jobs@foxit.pt,Extraído
Graciete.alves@h3.com,Extraído
daniel.filipe.mmxxvi@gmail.com,Extraído
rh@clihotel.pt,Extraído
de@ccatelents.pt,Extraído
bewerbung@ppa-personal.com,Extraído
recursos_humanos@multifrequencia.pt,Extraído
megemin@talentsearchpeople.com,Extraído
micael.nevespereira@techmahindra.com,Extraído
vasilii@robin.jobs,Extraído
dep.rh.gi@outlook.pt,Extraído
joshuasrh2014@gmail.com,Extraído
candidaturas@proef.com,Extraído
candidatos@mtcpeople.com,Extraído
recrutamento@farmaciasreisbarata.pt,Extraído
personalbuero.u.herrmann@gmx.de,Extraído
rh@santogal.pt,Extraído
acehr.pt@siemens.com,Extraído
geralsomosalegria@gmail.com,Extraído
cmestre.empresa@gmail.com,Extraído
recrutamento@strongcharon.pt,Extraído
talent.europe@99x.io,Extraído
candidatos@manijobs.pt,Extraído
no00788468@techmahindra.com,Extraído
jcarh2013@gmail.com,Extraído
geral.maia@lemonfit.pt,Extraído
recrutamento@guacamole.pt,Extraído
recrutamento@ativ.pt,Extraído
rhsuicaconstrucao@gmail.com,Extraído
candidaturas@grupoalliance.com,Extraído
candidaturas@humanskills-hr.com,Extraído
as.portugal.recrutamento@acciona.com,Extraído
rharabiasauditaconstrucao@gmail.com,Extraído
maria.sousa@forumseleccao.pt,Extraído
mfernandes@globalpartner-hrs.pt,Extraído
info@nploy.pt,Extraído
sara-fernandes.santos@prosegur.com,Extraído
recursoshumanos@abborges.pt,Extraído
website.careers@sacoor.com,Extraído
joinus@humanskills-hr.com,Extraído
recrutamento.ts@talentshift.pt,Extraído
recrutamento@portugalnorte.com